నేను జీవితం ఆడుజీవితం నేను చదువు అత్యుత్తమ పుస్తకం ఒకటి బెన్యమిన్ గొప్ప నవల రచయిత అర్బాబ్ వల చిక్కు నజీబ్ యొక్క కన్నీరు జీవితం గురించి చెప్పు ఈ కథ చెప్పు మిస్టర్ బియ్యామిన్ చాలా మంచి భాష ఉపయోగించు హీరో తాను తాను మేకలతో గుర్తించు తర్వాత గుండె బద్దలవ్వకుండా జాగ్రత్త పడు ఎవరూ కంటతడి పెట్టు ఈ క్లాసిక్ నవల పూర్తిచేయలేరు మసారాలో నజీబ్ జీవితం చాలా భయంకరమైనది ఇది మలయాళం క్లాసిక్ నవల ఒకటి , 1  
గత సంవత్సరం " ఆడు జీవితం " అనే పేరున్న బెన్యమిన్ పుస్తకం నేను చదువు ఇది మొత్తం ప్రపంచం పంచు ఒక విభిన్న అనుభవంనాకు కథ నచ్చు ముఖ్యంగా అతను రచన విధానం తాను రచన వెరైటీ ఉండు మరియు ఇది ఒక ఏకైక కథ ఒక మంచి జీవితం కోరుకు వ్యక్తి పని కోసం విదేశం వెళ్లు 8 యజమాని నుండి చాలా కష్టం ఎదుర్కో అతను ఆ స్థలం నుండి తప్పించుకోవాలనుకున్నా ఆయన ఎటువంటి బంగారు అవకాశం లభించు చివర అతడు యజమాని లేనప్పుడు ప్రణాలకు తెగించు అక్కడ నుండి అతను తప్పించుకో అరేబియా గురించిన అర్థవంతమైన కధ మరియు మనం మలయాళుల యొక్క కష్టపడేతత్వన్ని తెలియచెయ్యి మరోసారి ఇది మేము ఇవ్వు అద్భుతమైన పుస్తకం , 1  
మంచి భవిష్యత్తు కావాలని కలలుకంటున్న ఒక సామాన్య వ్యక్తి యొక్క కథ బెన్యమిన్ " ఆడు జీవితం " ఈ నేను ఎప్పుడూ చదువు ఒక ఉత్తమ పుస్తకం మలయాళం ఆడు జీవితం నేను అభిమాన పుస్తకం బాలమిన్ చాలా మంచి పని చెయ్యి కీప్ ఇట్ అప్ సర్కథ చెప్పు పద్ధతి అలాగే భాష వేరు ఉండు ఇది చదవదగినది ఈ పుస్తకం మనం జీవితం ఉపయోగపడు అనేక విషయం పంచుకుంటుందిఎవరికీ ఇలాంటి జీవితం ఇవ్వద్దని నేను దేవుడు ప్రార్థించు , 1  
ఆడుజీవీతం ప్రసిద్ధం రచయిత బెన్యమిన్ రచించు ఒక ఆసక్తికరమైన మలయాళం నవల విదేశం ప్రయాణించు వ్యక్తి యొక్క కథ మీరు మరియు అతను అక్కడ తగులు గాయం గురించి చెప్పు నవల రచయిత చెప్పు కథ అత్యుత్తమమైనది అది కథ పాటు పాఠక అలంకరిస్తుంది నిజం ఏమిటంటే కథ నిజం జీవితం అనుభవం మీద ఆధారపడు ఉండు వ్యక్తిగతం కథ ప్రయాణించు భావించానుమరియు నేను కూర్చో దెబ్బ చదువు పూర్తి చెయ్యి మనం చుట్టు ఉండు నిజం జీవితం పరిస్థితి నవల తెలియచేస్తుందిమరియు మనము విదేశీ దేశం ఉండు ప్రత్యేకించు మనం తెలియు ఈ నవల మీరు కళ్ళ తడి / హృదయం స్పందన తెప్పిస్తుందిటైటిల్ ఈ నవల కవర్ డిజైన్ కు సరిపో ఇది వ్రాయి భాషా శైలి చాలా సులభం ఉండు మరియు అది స్థానిక యాస వలె ఉండు పని ఘనమైన నిర్మాణం తీసుకువచ్చు నవల రచయిత కొన్ని అరబిక్ పదం కూడా ఉపయోగించు చింతించు అతను ఉపయోగించు ప్రతి అరబిక్ పదం మళయాల అర్ధం ఇవ్వు నేను గమనించు ఒక విషయం కథ రచయిత యొక్క ప్రతి భాగం ఒక ఆసక్తికరమైన ఏది ఒకటి ఉంచు ఆ పాఠక మిగిలినదంతా చదువడానికి ఇది బలపరిచిందని నేను అనుకో మీరు పైన సమీక్ష గురించి ఏవైనా ప్రశ్న ఉండు కమెంట్ విభాగం దయచెయ్యి వ్రాయి ధన్యవాదం , 1  
గత నెల ఈ పుస్తకం నేను చదువు ఈ పుస్తకం బెన్యమిన్ రచించు మరియు ఒక వ్యక్తి తాను జీవితం గడపు మరియు అతను కుటుంబం సభ్యుడు చూసుకో గల్ఫ్ దేశం వెళ్ళిన వ్యక్తి కథ ఈ కథ ఒకటి లేదా ఇద్దరు వ్యక్తుడు జీవితం గురించి మాత్రమే కాదుతమ కుటుంబం కోసం తాము జీవితం బలిచేసుకున్న అనేక మంది వ్యక్తుడు గురించి ఇది వర్ణించు మీరు దీనిని చదువు మీరు మంచి రీడర్ అయితే ఖచ్చితం కన్నీరు మీరు కళ్ళ నుండి ప్రవహించు కొన్ని సందర్భం మనం ఏమి జరుగు అని లేదా తాను జీవితం ఎలా కాపాడుకుంటాడో అని చాలా పెద్ద ఆత్రుతతో ఉండు కథ ముఖ్యవ్యక్తి మరియు అతను స్నేహిత ఎదుర్కోన్న అనేక విచిత్తమైన మరియు భయపెట్టు పరిస్థితి ఉండు అలాంటి అధ్వాన్నమైన పరిస్థితి ఎదుర్కోనే వాళ్శు అనేకమంది ఉండు , 1  
ఆడుజీవితం అను పుస్తకం కాదు జీవితం ఈ పుస్తకం చివర వాక్యం వరకు మీరు నిమగ్నమైయ్యేలా చెయ్యి కధలో అరుబా కింద నజీబ్ చిక్కుకొవడం అనే విషయం కొంచెం ఉత్సాహం ఉండు మరియు అతను పొలం మేక చూసుకో వచ్చిందిఅతను తాను జీవితం మేకగానే కొనసాగిస్తాడు కాబట్టి ఆడుజీవిత్తం మేక జీవితం పేరు వచ్చు మంచి కథనం కథానాయకుడు బాగా వ్రాయి చివర ఒక గొప్ప ట్విస్ట్ మిమ్మల్లి ఆశ్చర్యం గురిచేస్తుందిమలయాళం పుస్తకం ప్రేమికుడు తప్పు చదువు , 1  
ఆసక్తికరమైన మరియు అద్భుతమైన కథ నేను ఈ కథ ఎప్పుడూ ఇలాంటి చదివలేదు కథ నజీబ్ ప్రధాన పాత్ర ఆసక్తికరమైనది Mr బెనిమిన్ రాయి మంచి కథ అతను ఒక మంచి మరియు పరిపూర్ణం కథ రచయిత వ్రాయి విధానం సులభం ఉండు మరింత ప్రభావవంతంగా చెయ్యి పుస్తకం భావోద్వేగాల హారం వ్యక్తిగతం చదువు మునుగు మరియు పాత్ర అనుభూతి లేకుండు దానిని చదువు అవ్వు మనం ముఖ్య పాత్ర కోసం కాదు వాటిలో చాలామంది కోసం బాధ పడతాం నజీబ్తో కలువు ప్రయాణం చెయ్యి హకీం ఒక అమాయక యువకుడు ఒడ్డు చేరగలమనే ఆశ లేనివాడు విడుదలయ్యే ఒక రోజు ముందు దురదృష్టం ముంచు ఒక మేకలా కనిపించు వ్యక్తి అతను విధి కూడా భయం మరియు సానుభూతి అది సమయం మనం వణికిస్తుంది మనము కూడా మేకపై సానుభూతి చూపుతాము అవ్వు అది నేను ఉద్దేశ్యం , 1  
సర్ నాజీబ్ మరియు అతను కుటుంబం అడుగు చెప్పు నేను ఆ పుస్తకం మళ్ళీ మళ్ళీ చదువి మరియు ఒక్క అక్షరం కోల్పో నేను స్నేహిత కథ చెప్పు ' ఆడుజీవిత్తం ' లైఫ్ ఆఫ్ గోట్ ఎటువంటి పుస్తకం అంటే ఇది నేను కళ్ళ నుండి కన్నీరు నింపు పూర్తి జీవితంఅన్ని విలాసవంతమైన ఖర్చులు మరియు ఫాన్సీ వస్తువు గల్ఫ్ నుండి తిరుగు వచ్చు వారు చూడు ' గల్ఫ్ ' గురించి స్వర్గం అని కల కను ఇది ఈ కథ ఒక భాగం మాత్రమే గల్ఫ్కు వచ్చు మోసపో వారు చాలా మంది ఉండు లేదా దయలేని ఏజెంట్ మరియు కనికరంలేని ఉద్యోగం ప్రొవైడర్స్ యొక్క వల పడు పుస్తకం లో చెప్పు కథ నిజం జీవితం అనుభవం , 1  
గల్ఫ్ లో చిక్కు మానవుడు యొక్క అద్భుతమైన నవల మరియు అతను గడుపు జీవితం - విదేశం జీవితం వివరించు అనేక పుస్తకం ఉండు అక్కడ అనుభవం ఉండు కానీ ఈ పుస్తకం ఒక చిత్రం వంటి - మీరు చదువు విషయం మీరు చూడు మరియు ఈ నవల ముఖ్య పాత్ర యొక్క దురవస్థను చూసినపుడు మనము అందరు అదృష్టవంతులమని భావించు బెంజమిన్ యెుక్క గొప్ప పుస్తకం - నిజంగా సాహిత్యం అకాడమీ అవార్డు గెలువు , 1  
ప్రియమైన బెన్యమిన్ దయచెయ్యి నేను అభినందన నాజీబ్ మరియు అతను కుటుంబం తెలియజెయ్యి నిన్న నేను " ఆడుజీవిత్తం " అనే నవల చదువు మరియు 16 మరియు 11 ఏళ్ళ వయస్సు ఉండు నేను కుమారుడు కథ వివరించు కథ హకీం మరణం గురించి చెప్పు వారు చాలా నిశ్శబ్దం విచారం వ్యక్తం చెయ్యి నేను గమనించు హాకిమ్ యొక్క ఆత్మ ఖచ్చితం మహోన్నతం ఆత్మ విశ్రాంతి తీసుకో మేము ప్రార్థన చెయ్యి ఈ కథ వివరించు తర్వాత నేను కుమారుడు నీరు మరియు ఆహారం జీవితాంతం వృధా చేయకుంచా కాపాడు నేను ప్రత్యేకంగా అడుగు ప్రియమైన బెంజమిన్ నిజం జీవితం ఆధారం ఇలాంటి సాహిత్యం అంద్ంచినందుకు చాలా కృతజ్ఞత తెలిపుతున్నాను కున్నిక్క ఇబ్రహీం ఘాద్రి సైను ఉమమా మరియు మాస్రా యొక్క మేక ఇంకా నేను మనస్సు మెదుతుతున్నాయు మరియు నేను ఏడువు వద్ధో ఖచ్చితం తెలియు లేదు మరోసారి ధన్యవాదం బెన్యమిన్ నేను మళ్ళీ పుస్తకం చదువు మరియు మళ్ళీ మరియు మళ్ళీ నేను సహోద్యోగులకు ఒక్క అక్షరం మరియు అంతరార్ధం కోల్పో ఈ కథ చెప్పు , 1  
మాస్ట్రో రస్కిన్ బాండ్ చాలా బాగా రాయి ఒక సాధారణం కథ ఇది మారుమూల గ్రామం తాను తాతగారు మామతో కలువు నివసించు ఒక అమ్మాయి చెయ్యి సాహసం గురించి చెప్పు ఆమె తాను సమయం ఎలా గడుపుతుందో మరియు గ్రామం భారీ వరద మునిగిపోయినప్పుడు ఆమె పరిస్థితి ఎలా చక్కదిద్దిందో వివరించు తీవ్రమైన పరిస్థితి ఉన్నప్పుడు ఆమె దాన్ని తిప్పికొట్టు మరియు ఆమె ఒక అబ్బాయి ఇవ్వు మద్దతు బాగా వర్ణించు మరియు రస్కిన్ అందం రాయి ఇది సమస్యాత్మక పరిస్థితి ఉన్నప్పుడు మనము ఎలా నిర్వహించాలో మరియు జీవితం ఎలా ఎదుర్కో మనం మనం నిజంగా ఆలోచించుకునేలా చెయ్యి , 1  
నేను ఈ పుస్తకం 5 వ తరగతి చదువు మరియు దానిని ఇష్టపడు నేను అది గుర్తుండు కానీ నిన్న ఈ పుస్తకం నేను చిన్ననాడు పుస్తకం దాచు బాక్సుల్లో దీన్ని చూసినపుడు నేను దానిని మళ్ళీ చదువు మొదలుపెట్టు చదువు ఇది ఒక అద్భుతమైన పుస్తకం క్విక్ రీడ్ మరియు అందమైనది కేవలం సుదీర్ఘం కథ / నవల నుండి విరామం తీసుకోవాలనుకున్నప్పుడు నేను ఖచ్చితం దాన్ని మళ్లీ చదువు కథ ఒక సరళమైన భాష వివరించబడడంతో చదవవాలనిపిస్తుంది బాగుండు నిజంగా మనోహరం రాయి కనీసం ఒక్కసారి చదువు , 1  
నేను రస్కిన్ బాండ్ యొక్క అభిమాని ఎందుకంటే అతను పిల్ల మరియు యువత ఇద్దరి గురించి వ్రాయి ఏకైక ఆంగ్ల రచయితఅతని కథ ప్రతి శిశువు గురించి ఉండు యాంగ్రీ రివర్ కూడా ఉత్తమ నవల ఇది చాలా సులభమైన భాష 70 పేజీ మాత్రమే ఉన్నాయిరస్కిన్ చాలా సులభమైన మరియు సాధారణం పదం వాడతాడు తద్వారా ప్రతి విద్యార్ధి లేదా పిల్లలవాడు కథ అర్థం చేసుకోవచ్చుపేదవారి సమస్యలేమిటి మరియు వరద నది సమస్యలేమిటి అను యాంగ్రీ నది చూపిస్తుందిఒక చిన్న అమ్మాయి సీత వరద తరువాత చాలా సమస్య ఎదుర్కో మరియు మనం వ్యవస్థ ఏమి జరుగు చూపిస్తుందియాంగ్రీ నది గ్రామీణ భారతదేశం కనిపించు చిత్రాలుగల మంచి భావోద్వేగం కథ ధన్యవాదం రుస్కిన్ బాండ్ , 1  
" కెన్ లవ్ హేపన్స్ ట్వయిజ్ " రవిందర్ సింగ్ అమరం ప్రేమ ముగింపు కథ కుషి ప్రేమ కోల్పో రావినెకు ఏమి జరుగు మనం తెలియు " కెన్ లవ్ హేపన్స్ ట్వయిజ్ " తెలియు నిజం మనం చెప్పు ఈ కథ ఏ విధం చెప్పారంటే రావిన్ యొక్క స్నేహిత హ్యాపీ మన్ప్రీత్ & amp ; అమర్దీప్ రేడియో స్టేషన్ మొత్తం కథ చెప్పు ఈ కథ ప్రతి పాత్ర చక్కగా వివరించు నేను వాళ్ళ మగ్గురు మిత్ర అభిమాని ముఖ్యంగా హ్యాపీకి ఈ పుస్తకం అంతా లవ్ ఫన్ & amp ; స్నేహం గురించి ఇది పోగొట్టుకో మళ్ళి పొందడంలా అనిప్ంచింది ఇది నిజమైన వాస్తవం " రవిన్ ఐ లవ్ యు చెప్పినపుడు " అతను నిజంమైన అర్థం , 1  
కెన్ లవ్ హేపన్స్ ట్వయిజ్ రవిందర్ సింగ్ పుస్తకం ప్రేమ రెండు సార్ తలుపు తట్టగలదని స్పష్టంగా తెలుపుతుందిచాలా మంది ప్రజలు తాము మొదట ప్రేమ విఫలమం తర్వాత " ప్రేమ " అనే పదం ద్వేషిస్తారుప్రేమ వారు తగు వారు విచారిస్తు మద్యపానం మరియు ధూమపానం వంటి చెడ్డ అలవాటు బానిసలవుతారుఅటువంటి వ్యక్తుడు ఈ పుస్తకం వారు జీవితం ఒక మలుపు అవుతుందినేను ఈ కాన్సప్ట్ ప్రేమిస్తున్నందున ఈ పుస్తకం రెండుసార్లు వ్యక్తిగతం చదువు స్పష్టంగా కథ నేను అందరు సిఫారసు చేస్తానుఒకదాని నష్టం అధిగమించు మరోకర్ని భక్తి ప్రేమించు నిజంగా ఒక సుందరమైన ప్రేమ కథ , 1  
ఇది నేను చదువు అత్యుత్తమ ప్రేమ కధ నేను సోషియెా ఫిక్షన్ పుస్తకం చదువు రకంకానీ ఈ పుస్తకం నేను ఆసక్తి మార్చు రచయిత చాలా అందం రచించు నేను అన్ని సమయం రవితో ఉండు అనిపించిందిఇది నేను నవ్వు మరియు ఏడ్చేలా కూడా చెయ్యి అటువంటి అందమైన కథ చాలా అందం చెప్పబడిందిమీ ప్రియమైన వారు భారతీయ విలువ మేము తల్లిదండ్రులు ప్రేమ మీరు లేనపుడు ఆ బాధ మనం చంపుతుందిఈ పుస్తకం గురించి ప్రతి చాలా బాగుండు , 1  
నిజం నేను అభిమాన కథ ఒకటి నేను ఇంకొక కథ " ఐ టుా హేడ్ ఎ లవ్ స్టోరీ " కూడా చదివానుఇది ఆ కధ పొడిగింపు లేదా ఆ కథ ముగింపు అని కూడా చెప్పవచ్చు 1 కథ నచ్చిందు హృదయం అద్దుకునేట్టు ఉండు 2 పాఠక సులభం అర్థమయ్యేట్టు ఉండు 3 అన్ని సన్నివేశం అందం వివరించు 4 కవర్ మరియు రంగు అన్ని చూడు బాగున్నాయికథ చదువు ఒక ఊహ కలుగుతుందిరవీందర్ సింగ్ రాయి ఒక సంపూర్ణం రచననేను ఈ కథ మళ్ళీ మళ్ళీ చదవగలనుఅత్యంత సిఫార్సు చెయ్యి , 1  
రావిన్ ఒక అద్భుతమైన రచయిత అతను మొదట పుస్తకం " ఐ టుా హేడ్ ఎ లవ్ స్టోరీ " పూర్తిగా నేను తాను అభిమాని చేసిందినాకు కన్నీరుతో మాట లేకుండు చెయ్యి " కుషి " పట్టు అతను ప్రేమ నేను ప్రేమ యొక్క నిజమైన నిర్వచనం తెలుసుకో చేసిందిమరియు రెండవ పుస్తకం " కెన్ లవ్ హేపన్స్ ట్వయిజ్ " చదువు మంచి పుస్తకంనాకు ఎల్లప్పుడూ ప్రశ్న ఉండు " ఎందుకు రెండుసార్లు ప్రేమ కలుగు " అయినప్పటికి ఈ పుస్తకం ద్వారా ప్రేమ రెండుసార్లు ఏర్పడవచ్చని నేను తెలియు , 1  
అవ్వు ప్రేమ రెండుసార్లు కలుగు మీరు మొదట ప్రేమ ఎలా ఉండు ఫర్వాలేదు అతను మీరు నిజాయితీ ప్రేమిస్తున్నాడా లేదో మీరు మరొకరు ప్రేమించోచ్చు మీరు మరో వ్యక్తి రెండోసారి ప్రేమ పడు మొదట మీరు ఇబ్బంది భయపడు కానీ తర్వాత గత మరచిపో గత మరచిపో జీవితం కొనసాగిచడానికి కొంత సమయం పట్టు ప్రేమ ఎన్నిసార్లైనా కలుగు మీరు ప్రేమించు నిజమైన ప్రేమికుడు ఉండు , 1  
ఎవరైతే " ఐ టుా హేడ్ ఎ లవ్ స్టోరీ_ రవీందర్ సింగ్ రచించు " చదువు వారు " కెన్ లవ్ హేపన్స్ ట్వయిజ్ " పుస్తకం చదవాలిసున్నితమైన మరియు ఒక శృంగారం ప్రేమ కథ నేను ఎప్పుడూ చదువు నేను చదువు వాటిలో ఇది అతి సున్నితమైన మరియు శృంగారం ప్రేమ కథ కథ చదువు కొనసాగించు ద్వారా ఈ పుస్తకం ఏ ప్రమేయం లేకుండు మునిగిపోతాము ఐ టుా హేడ్ ఎ లవ్ స్టోరీ క్లైమాక్స్లో విషాదభరితమైననప్పటికి రెండవ భాగం శృంగారం మరియు ప్రేమ పూరిత ఉండు ఇది రవిందర్ సింగ్ రచించు మంచి ప్రేమ కథ , 1  
రావిందర్ సింగ్ ఈ పుస్తకం అద్భుతం ఉండు మరియు పాఠక ఆకర్షించు కథ మునిరిపోయేలా చేస్తుందిఇది ఒక సాధారణం ఇంకా క్లిష్టమైన ప్రేమ కథ కానీ రచయిత అందం వ్రాయి మరియు వ్యక్తీకరించారుప్రేమ కథ ఇష్టపడు చదువు ఇండియన్ రచయిత రచన చదువు నేను అభిప్రాయం ప్రకారం ఈ పుస్తకం ఎంతో బాగుంటుందిఈ పుస్తకం యొక్క మునుపు వాల్యూమ్ కూడా అద్భుతమైనది మరియు ఆఖరి రావేందర్ సింగ్ నేను అభిమాన రచయిత ఒకటి , 1  
నేను ఇటీవల ఈ పుస్తకం చదువు ఇది గొప్ప పుస్తకం అందం ఒక చిన్న పుస్తకం ఈ పుస్తకం చదువు చాలా బాగుందిదృష్టాంతాలు బాగా మంచి ఆకృతి & amp ; భావోద్వేగం కథ సులభం & amp ; అందం ఉండు ఈ కథ మధురం మరియు ఉత్తేజకరంగా ఉండు కానీ ఈ పుస్తకం చిత్రం అన్ని బాగుండు అది చాలా అందం ఉండు రస్కిన్ బాండ్ పుస్తకం సున్నితం అంశం బాగుండు అతను ఈ కథ చెప్పు విధానం వల్ల మళ్లీ మేము పిల్ల మారిపోవాలని కోరుకుంటున్నాము , 1  
రస్కిన్ బాండ్ కథ నేను ఇష్టమైన కథ ఇది నేను చిన్నతనాన్ని గుర్తుకుతే ఒక యువకుడు అమాయకత్వం మరియు అతను అనుభవం మీరు కథ అతుక్కునేలా చెయ్యి అంకుల్ కెన్ తో గడుపు క్రేజీ సమయం మరియు రచయిత ఈ కథ తాను అంకుల్ త గడుపు తాను ఫన్నీ అనుభవం పంచుకో అంకుల్ కెన్ ఎవరు అంత ఆదర్శంతంగా ఉండు కానీ అంత చెడ్డ కంపెనీ కూడా కాదుతన చెప్పుచేతలలో చిన్న పిల్లవానిని ఉంచుకో మరియు అతను జీవితం ఎక్కువ కాలం గుర్తుండు సాహసం చెయ్యి అతను ప్రతి ప్రయత్నం చెయ్యి , 1  
ఇది బలమైన భౌగోళికం భావం నిర్మించంలో చాలా ఉపయోగకరమైన పుస్తకం ఈ పుస్తకం భౌగోళ శాస్త్రం యెుక్క విభిన్న శాఖ విషయీలను కలుగు ఉండు ఈ పుస్తకం రంగు రేఖాచిత్రాలతో చాలా అంశం వివరించు కనుక ఇది బాగా అర్ధం చేసుకోవడంలో సహాయపడుతుందిప్రాధమిక అంశం తెలియు ఎవ్వరూ ప్రవేశపరీక్షను ఛేదించలేరు ఈ సందర్భం ఈ పుస్తకం చాలా ఉపయోగకరం ఉందివివిధ కఠినమైన భౌగోళికం పుస్తకం చదువు ముందు నేను ఈ పుస్తకం చదువు సిఫార్సు చెయ్యి , 1  
జియాలజీ ఆఫ్ ఎస్సెన్షియల్స్ - స్టీఫెన్ మార్షక్ యెుక్క ఒక గొప్ప పుస్తకం నేను పెట్రోలియం ఇంజనీరింగ్ కోర్సు చేస్తున్నందున ఈ పుస్తకం నేను భూగర్భం శాస్త్రం చాలా సహాయపడు రేఖాచిత్రం మరియు భారతదేశం లో తక్కువ ఉండు ఆధునికం భూగర్భశాస్త్రం యొక్క ఉపయోగం బాగా వివరించు భూమి గురించి జ్ఞానం పొందు కోరిక మరియు ఎలా పని చెయ్యి అది ఎలా పనిచెయ్యి అది ఎలా అవ్వు  మీరు దాని గురించి తెలుసుకో సర్వేలకి వెళ్ళవలసిన అవసరం లేదు ఏ సమస్య అక్కర్లేదు నేను ఈ పుస్తకం లభించు మరియు ఇది చాలా సహాయం పడు పుస్తకం , 1  
నేను షెల్ఫ్ లో సేకరించు పుస్తకం ఉత్తమ పుస్తకం ఒకటి ఈ పుస్తకం నేను ఎప్పుడూ ఇష్టమైన పుస్తకం మరియు ఐఐటీలో మూడు వ్యక్తుడు జీవితం వ్యవహరించు మరియు వారు అక్కడ ఉండు ఎన్నో సమస్య ఎదుర్కో వారు ఏది GPA తో 5 పాయింట్ తక్కువవుతాయి మరియు చాలా నిరుత్సాహపడతారు మరియు వారు ఎవరూ సహాయం చెయ్యి స్నేహితునిలో ఒకటి డిప్యూటీ అధిపతి కుమార్తె సంబంధం పెట్టుకో త్వరలో వారు సరైన మార్గం చూపు సహాయం చెయ్యి చేయి అను కనుగున్నారు ఈ నవల చాలా ఆకర్షణీయం ఉండు ఇది ఒక విద్యార్ధి ఎదుర్కో దారుణాల కోణం చూపు అందరు ఈ పుస్తకం చదువు , 1  
ఇది చేతన్ బాఘాత్ వ్రాయి ఉత్తమ పుస్తకం ఈ పుస్తకం చదువు తరువాత మీరు చేతన్ యొక్క అన్ని పుస్తకం చదవాలనుకుంటారు నేను ఈ పుస్తకం చాలా ఇష్టపడు ఇది IITians కథ మరియు వారు ఇతర విద్యార్థి సమానం ఉండు ఎలా ప్రయత్నిస్తారో ఈ కధలో ఉండు ప్రతి ఒక్కరూ చదవాల్సిందేనని నేను భావించు ఇది అనేక ఇతర పుస్తకాలులాగ బోరింగ్ గా లేదు మీరు దీనిని చదువు ప్రారంభించినట్లయితే దాన్ని కింద పెట్టు కష్టం మరియు ఈ పుస్తకం నేను ఇతర స్నేహిత కూడా ఇష్టపడు కనుక ఇది అందరు మంచి పుస్తకం కావచ్చు , 1  
నిజంగా చేతన్ బాఘాత్ ఆ కధ గురించి చెయ్యి ఆలోచన నేను కదిలించు ఫైవ్ పాయింట్ సమ్ వన్ కధ ఐఐటి ఢిల్లీ లో చదువు అబ్బాయి మరియు ఒక ప్రొఫెసర్ యొక్క కూతురు చుట్టు తిరుగుతుందు దీం మీరు ఈ కధ గురించి ఖచ్చితం తెలుస్తుందిఅవును ఈ కధ ఒక చిత్రం మార్చు రికార్డు బద్ద కొట్టు త్రి ఇడియట్స్ చిత్రంకధ అద్భుతం మరియు యువ టీనేజర్ లు ఒకసారి చూడు , 1  
నేను ఈ నవల 2006 లో చదువు నేను స్నేహిత సిఫార్సు చెయ్యి ఇది IIT లో చదువు మూడు స్నేహిత గురించి ఇది వారు స్నేహం తేడా ఆనందం లక్ష్యం కల మరియు లక్ష్యం చుట్టు తిరుగు చేతన్ భగత్ ఈ సాధారణం రచన విధానం ఉపయోగించు కాబట్టి ఈ నవల పూర్తగు చదువు చెయ్యి నేను మొదట రోజు 20 కంటే ఎక్కువ పేజీ చదవకూడదని నేను అనుకో కాని నేను ఒకేసారి 8 గంట దానిని ముగించు పాత్ర హరి అలోక్ మరియు రేయాన్ ఇప్పటికి నేను మెదడు తిరుగు ఈ నవల ఆధారం నిర్మించు మూవీ ఇడియట్స్ బాలీవుడ్ లో అత్యధికం వసూలు సాధించు స్నేహం కొరకు దీనిని చదువు మరియు మీరు కళాశాల రోజు గుర్తు చెయ్యి , 1  
ఫైవ్ పాయింట్ సమ్ వన్ నేను చదువు మొదట నవల నేను లక్ష్యం ఇంగ్లీష్ మరియు వొకెబులరీ నేర్చుకో ఇది చాలా నేను సహాయం చెయ్యి చదువు నేను అనేక కొత్త పదం తెలుసుకో మరియు అదృష్టవశాత్తూ గూగుల్ నుంచి అర్థం తెలుసుకో ఇది నిజంగా నేను వొకెబులరీ మెరుగుపరచు సహాయపడు ఈ పుస్తకం చదువు ఎంతో సరదాగా ఉండు నేను చదువు ఇంజనీరింగ్ జీవితం గురించి తెలుసుకో , 1  
నేను చదువు అత్యంత ఆసక్తికరమైన పుస్తకం ఒకటి చాలా సంచలనాత్మక రీతి ఐఐటీలో జీవితం చిత్రీకరించు ఐఐటీలో ఉండు విద్యార్థి భారీ షెడ్యూల్ ఎలా విద్యార్థి మర్చతుందో చక్కగా వివరించు మూడు మిత్ర రియాన్ అలోక్ మరియు హరి ఐటిలో మంచి మార్కు మరియు మంచి ఉద్యోగం మంచి పని చెయ్యి మళ్ళి దిరగజారిపోవడం నాటకీయ చూపించు చేతన్ చివర అనుకో సాధించు చదువు చాలా ఆసక్తికరం ఉండు , 1  
భారతదేశం అగ్రం ఇంజనీరింగ్ కళాశాల చదువు విభిన్న నేపధ్యం ఉండు మూడు విద్యార్ధి గురించి వివరించు అద్భుతం పుస్తకం రచయిత వాస్తవికం రీతి కథ వివరించు 3 ఇడియట్స్ అనే చిత్రం ఈ పుస్తకం ద్వారా ప్రేరణ పొందు ఈ పుస్తకం పాఠక కూడా స్పూర్తినిస్తుంది ఈ పుస్తకం బానిస అవ్వు మరియు ఒక దెబ్బ చదువు చేతన్ భగత్ రాయి అది ఉత్తమమైన పుస్తకం ఈ కథ ప్రతి విద్యార్ధి సబ్జెక్ట్ మీద పట్టు సాధించు మరియు విజయం వెనుక పరుగు పెట్టు మీరు వెనుక విజయం పరుగు పెట్టు మీరు ఒకసారి చదువు జీవితం గుర్తుండు పో నిజంగా ఒక చిరస్మరణీయం పుస్తకం మరియు కథ , 1  
హెవెన్ లేక్ ఒక పాఠక ఆనందపరుస్తుంది ప్రయాణం అను అలసట కూడు ఆత్మ ఉపశమనం కలిగించు మరియు సమస్యాత్మక మనస్సు ఓదార్పునిస్తుంది ఈ పుస్తకం చదువు కూడా అటువంటి పుస్తకం మనం దేశం గురించి అరుదుగా ఆలోచన తెలియచెయ్యి కొన్ని కస్టమ్స్ మీరు కంపించేట్టు చెయ్యి కొన్ని మీరు ఆశ్చర్యం గురి చెయ్యి తాను ప్రయాణం పాటు అతను సంఘటన కవితారూపంలో పొందుపరువు మార్గం వెంట తియ్యి కొన్ని ఫోటో ప్రచురించు కేవలం పుస్తకం యొక్క స్ధాయిని పెంచు ఈ పుస్తకం రీడర్ దాదాపు ఆధ్యాత్మిక స్థాయి ఆలోచించేట్టు చెయ్యి , 1  
నేను ఈ పుస్తకం ఇష్టపడు నేను ఈ పుస్తకం నుండి చాలా విషయం నేర్చుకో నేను ప్రస్తుతం జీవితం ఆ విషయం నేను అన్వయించు ఈ పుస్తకం చాలా చాలా మంచి ప్రతి ఒక్కరూ గీతాంజలిని చదువు గీతాంజలిలో రవీంద్రనాథ్ టాగోర్ జీవితం గురించి ఎన్నో విషయం చెప్పు మాతృభూమిపై తాను ప్రేమ గురించి దేశం కోసం తాను ప్రేమ గురించి ఇతర ప్రజలు పట్టు అతను ప్రేమ గురించి అందుకే అతను బిస్వాకోబిగా పిలువబడు , 1  
' గీతాంజలి ' కవిత్వం యొక్క గొప్ప సంకలనం మరియు భారతీయ సాహిత్యం మైలురాయి కవి రబీంద్ర నాథ్ తాను రచన నోబెల్ పురస్కారం గెలువు నిజమైన రచయిత అతను సృజనాత్మకత మరియు స్వచ్ఛత తాను పుస్తకం గీతాంజలిలో ప్రదర్శింపబడుతుంది పద్యం జన్మించు 1910 లో స్థానిక భాషా బెంగాలీ ప్రచురించు మరియు 1912 లో ఇంగ్లీష్ అనువదించు ఇది భక్తి బలమైన సంబంధం కలుగు ఉండు , 1  
గీతాంజలి అను భారతదేశం ప్రసిద్ధం కవిత్వం కాక మొత్తం ప్రపంచం ఒక ముఖ్యమైన పుస్తకం కూడా గీతాంజలి కవిత్వం నోబెల్ గ్రహీత రవీంద్రనాథ్ ఠాగూర్ కవిది ఈ కవిత ప్రపంచవ్యాప్తం ఉండు కవిత ప్రేమికుడు తనిఖీ చెయ్యి ఈ పద్యం కవి యొక్క బాధ మరియు అధీనం భారతీయులపై బ్రిటిష్ వారు యొక్క దౌర్జన్యం గురించి ఠాగూర్ ప్రేమికుడు మరియు ప్రేమికుడు పద్యం నిండు పో ఈ పద్యం 1920 బంగ్లా వెర్షన్ మరియు 1922 లో ప్రచురించు ఇంగ్లీష్ వెర్షన్ , 1  
రవీంద్రనాథ్ ఠాగూర్ గొప్ప భారతీయ కవుడు ఒకటి అతను నోబెల్ బహుమతి గెలువు ఏకైక భారతీయ కవి మరియు అతను రచన పాఠక చాలా ఆసక్తికరం ఉండు అతను భారతీయ సాహిత్యం ఎంతో దోహదం చెయ్యి గీతాంజలి ఈ పుస్తకం వచ్చు ఇది టాగోర్స్ రచన ఒక ప్రధాన రచన ఈ పుస్తకం ఎక్కువ విదేశీయుడు కూడా చదువు , 1  
రవీంద్రనాథ్ ఠాగూర్ సార్ రచించు కవిత నిజంగా మంత్రముగ్దులను చేస్తాయిపద్యాల పట్టు ప్రేమ కలుగు ఉండు వల్ల చిన్న పదం వ్యక్తీకరణ రూపం ఎల్లప్పుడూ గుండె చేరుకుంటుందిరచన పూర్తిగా స్వచ్ఛమైనది మరియు హృదయం అత్తుకునేలా ఉండు ప్రతి పద్యం ప్రేమికుడు అతను / ఆమె చనిపో ముందు కనీసం ఒక్కసారి చదువు ఇది గుండె నిండు నిండు నిలువు నోబుల్ బహుమతి చాలా అర్హతకలది ప్రతి కవిత దాని స్వంతం కథ చెప్పు పద్యం చదువు అను ఒకరు హృదయం మార్చు చెడుని పారద్రోలగలదు ఈ పుస్తకానికా అంత శక్తి ఉండు , 1  
గొప్ప కవి రవీంద్రనాథ్ ఠాగూర్ గురించి మనం తెలుసు ఆయన అద్భుతమైన రచయిత కవి నవల రచయిత 1913 లో తొలిసారి ఆయన నోబెల్ బహుమతి అందుకో సాహిత్యం నోబెల్ బహుమతి పొందు మొట్టమొదట భారతీయ ఇది చిన్న పద్యం యొక్క గొప్ప సేకరణ నేను ఈ నవల గురించి నేను అభిప్రాయం పంచుకోవాలనుకుంటున్నాను నేను కొన్ని సంవత్సరం క్రితం క్విజ్ పోటీ కోసం చోటు సంపాదించు అక్కడ నేను ఆ కార్యక్రమం మొదట స్థానం సంపాదించు వల్ల ఈ పుస్తకం వచ్చు మరియు నేను ఈ పుస్తకం బహుమతి పొందు ఆనందం ఉండు ఇది నిజంగా మంచి పుస్తకం మరియు ఇది నేను రవీంద్రనాథ్ ఠాగూర్ యొక్క నిజమైన అభిమాని చెయ్యి ఈ పుస్తకం మీరు చదవనట్లయితే కొను చదువు అని నేను సలహ ఇవ్వు ఇది భారతీయ మరియు ప్రత్యేకంగా బెంగాలిగా గర్వపడు చెయ్యి , 1  
భారతీయ గొప్ప రచయిత రవీంద్రనాథ్ ఠాగూర్ చే వ్రాయి కవిత సేకరణ ఉండు ప్రతి పద్యం వేరొక పద్యం కంటే భిన్నమైనది మరియు మనం చదువు మరియు అర్థం చెయ్యి మనం సంతోషం కలుగు గీతాంజలి రవీంద్రనాథ్ ఠాగూర్ చేత వ్రాయి ప్రసిద్ధం పుస్తకం ఒకటి మొదట ఈ పుస్తకం బెంగాలీ వ్రాయి ఆంగ్ల భాష కొత్త వెర్షన్ విడుదలైనప్పుడు అది ప్రసిద్ధి చెందు బ్రిటిష్ వారు ఈ పుస్తకం ఇష్టపూర్వకంగా చదువు మరియు ఠాగూర్ ని గౌరవించు పద్యం ప్రేమించు వాళ్ళు ; ప్రతిరోజు ఒక పద్యం చదువు మీరు హృదయం జరుగు అద్భతం చూడు భారతదేశం లైబ్రరీలో ఈ పుస్తకం ఉండు ఠాగూర్ ఒక నవల రచయిత కూడా అతను కల్పనా పుస్తకం GORA చిన్న పద్యం ఒకటి నుండి రెండు పేజీ మాతంరమే సులభం హిందీ లో అర్థం అవ్వు కాబట్టి చదువు ప్రారంభించు , 1  
నేను నేను కళాశాల రోజు ఈ పుస్తకం చదువు ఆయన ఒక బెంగాల్ రచయిత రావీంద్రనాథ్ టాగోర్ సాహిత్యం నోబెల్ బహుమతి పొందు మీరు కవిత్వం ఇష్టమవ్వు దీనిని చదువు మనం కవి ఎలా ఉండు సందేశం ఇవ్వు ఇంకా మనము ఈ పద్యం నుండి ఏం నేర్చుకోవాచ్చు నేను దాని నుండి నేర్చుకో మరియు నేను నేను జీవితం గాంచు అనుభవం మార్చు నేను చదువు మంచి పుస్తకం నేను ఈ పుస్తకం రాయి రావీంద్రనాథ్ టాగోర్ కు ధన్యవాదం తెలుపు మరియు నేను మీరు జీవితం మార్చు అనుభవం కోసం ఈ పుస్తకం చదువు కోరు , 1  
గీతాజలి నవల కవిగురు రవీంద్రనాథ్ ఠాగూర్ యొక్క ఉత్తమ సృష్టి ఒకటి దీనికి అతను నోబెల్ బహుమతి అందుకో అన్ని పద్యం అందం వ్రాయి మరియు ఇది మనం జీవితం యొక్క అన్ని అంశం వివరించినట్లుగా కనిపించు ఈ పుస్తకం వల్ల ప్రపంచవ్యాప్తం అతను గుర్తింపు వచ్చు నేను ఈ పుస్తకం బెంగాలీ వెర్షన్ ను చదువు ఎంత ఉపశమనం కలిగించు మరియు ఒత్తిడి తగ్గిస్తుందో నేను చెప్పు గీతాంజలితో ఇంక ఏ ఇతర కవి పుస్తకం సరిపో టాగోర్ పాఠశాల వెళ్ళనప్పటికీ అటువంటి మేధావి ప్రపంచం ప్రతి కోణం కలుగు ఉండు ఇటువంటి గొప్ప గ్రంథం రాయి చాలా అద్భుతం ఉండు , 1  
నేను చదువు ఈ పుస్తకం కొను ఇది భారతీయ రచయిత నిజంగా గొప్ప జ్వరం ఈ పుస్తకం పఠనం చాలా బాగుండు అనువాదం బెంగాలీ భాష నుండి అద్భుతం చెయ్యి ఇది అర్ధంచేసుకోవడం లేదా చదువు ఇబ్బంది ఉండు ఈ పుస్తకం ముద్రణ నాణ్యత చాలా బాగుండు ఈ పుస్తకం అన్నీ కవిత రూపం ఉండు కథ హృదయం స్పృశించు కవిత మరియు గమనికలను ఉండు కవి రవీంద్రనాథ్ రాయి మంచి పుస్తకం పుస్తకం గురించి నేను అవగాహన ప్రకారం ఇది చదువు మరియు అది సమయం పాట లేదా శ్లోకం రూపం విను మంచి పుస్తకం ప్రతి ఒక్కరూ చదువు , 1  
నేను గత సంవత్సరం ఈ పుస్తకం చదువు ఇది చదువు ఒక గొప్ప పుస్తకం నేను పుస్తకం చదువు గొప్ప అనుభూతి పొందు నేను ఈ పుస్తకం చదువు నేను ఉద్యోగం చేస్తున్నానుసరైన వృత్తి ఎన్నుకో సరైన మార్గం సూచించు సరైన నిర్ణయం తీసుకో సహాయపడుతుందని నేను ఈ పుస్తకం చదివానుచదవదగ్గ మంచి పుస్తకం టెక్స్ట్ చాలా స్పష్టంగా ఉండు ఈ పుస్తకం కథ పాఠక మంచి పద్ధతి బోధిస్తోందా కొంతమంది ఐఐఎమ్ పూర్వం విద్యార్ధి యొక్క తెలివైన కథనం అందించు ద్వారా విజయం సాధించు వారు వారు సంబంధిత కెరీర్ ఎంపిక చెయ్యి ఎలా కాబట్టి పుస్తకం చదువు తప్పు , 1  
బెంగాలీ సమాజం సాంప్రదాయం హిందువు మరియు ఆధునికం ఆలోచనాపరులుగా విభజించు కాలం ఉద్భవించు కథ ఇది స్థిరముగా కలువు మతం మరియు జాతీయవాదం గురించి ఠాగూర్ యొక్క అన్వేషణ కానీ కేవలం సామాజికం - రాజకీయ ఉపన్యాసం ముగియు ఈ పుస్తకం అతను / ఆమె సొంతం స్వీయం ధర్మం గురించి ఆలోచేలా ప్రశ్నించచేలా మరియు అతను గొప్పతనాలైన మతం మరియు సత్ప్రవర్తనం ఏవౌతే సరిగ్గా అనుసరిస్తున్నారో వాటి గురించి సమాధానం వెదకుతుంది ఖచ్చితమైన సందేశం లేనప్పటికి లౌకికవాదం అనే భావన నూతనం ఆరంభం మాత్రం ఇది , 1  
ఈ పుస్తకం 19 వ శతాబ్దం రవీంద్రనాథ్ ఠాగూర్ వ్రాయి ఈ పుస్తకం ఆంగ్ల అనువాదం మరొక భాష నుండి అనువాదచబడిన అసలు ఆంగ్ల పుస్తకం చదువు అనిపించు భారతీయ మరియు బంగ్లాదేశ్ జాతీయం గీతం రాయి రవీంద్రనాథ్ ఈ పుస్తకం రాయి ఆయన ప్రపంచం ప్రముఖం కవి మరియు వివిధం పురస్కారం అందుకో అందువల్ల ఈ పుస్తకం మనము భారతం సంస్కృతి గురించి చదువు , 1  
గోరు 19 వ శతాబ్దం భారతదేశం బ్రిటీష్ బారిలో ఉండు రవీంద్రనాథ్ ఠాగూర్ రచించు ఒక నవల ఈ పుస్తకం గోరు మరియు బినయ్ ఇద్దరు అబ్బాయి గురించి దీనిలో బినయ్ అనాథ బాలుడు మరియు గోరు సనాతనం హిందూ మొత్తం పుస్తకం ఈ ఇద్దరు అబ్బాయి మీద ఆధారపడు ఉండు నేను ఈ పుస్తకం ఇష్ట చదువు ఈ పుస్తకం ధర్మం మతం గురించి నిజం చెప్పు గురించి , 1  
ఇది ఇతరులు ఆకట్టుకో ఇష్టపడు గలివర్ గురించి మాట్లాడు ప్రయాణం పర్యవసానం వల్ల తుఫాను చిక్కు లిలిపుట్ ద్వీపం అని పిలువబడు ద్వీపం అతను విసిరివేయబడతాడు వరుస సంఘటన జరుగిన తరువాత అతడు చివరకు తాను లోపం మరియు లోపం అంగీకరించు అతను వారు యువరాణిని రక్షించు చాలా ధైర్యవంతుడని నిరూపించు మనం జీవితం మనం లోపం అంగీకరించు మనం జీవితం ధైర్యంగా ఉండు వల్ల కలుగు ప్రయోజనం ఈ కథ ముందుంచు నేను ఈ పుస్తకం ఇంకా చదువు వారు తప్పు చదువు సలహ ఇవ్వు సాహసం ప్రేమికుడు పర్ఫెక్ట్ ఈ పుస్తకం ఒక నిజమైన ఆభరణం , 1  
గలివర్స్ యాత్ర ప్రపంచం అంతటా సాహసోపేతమైన మనోహరమైన సముద్రయానం ఈ కథ చివర వరకు ఆసక్తి కలిగించు ఇది వాస్తవం జోనాథన్ స్విఫ్ట్ యొక్క మాస్టరు పీస్ ఇది చదువు శాస్త్రీయ మరియు ఆధునికం వ్యక్తుడు అవివేకం మరియు దుర్మార్గం ఎగతాశి చేస్తుందిఈ కథ ఆలోచన వింతైనవిగా మారు అసంబద్ధమైన ఆచారం అసంబద్ధం వస్తువు కనిపిస్తాయిసంక్షిప్తంగా గలివర్స్ సాహిత్యం అద్భుతం చదువు మరియు ఆస్వాదించు ఆసక్తికరం ఉండు ఒక మనిషి ఈ కల్పితం కధలో తప్పిపోతాడు నేను ఒకసారి చదివమని సూచించు , 1  
ఇది కూడా మంచి కథ గలివర్ ట్రావెల్స్ లో లిల్లిపుట్ సరిగ్గా సరిపో నేను నీవు ప్రేమించు గలివర్ మీరు ఒక రాజు ఉండు నేను 4 వ తరగతి నేను ఈ కథ చదువు కానీ ఆ రోజుల్లో నేను ఇంకా ఆ కథ ఆస్వాదింస్తున్నాను కానీ నేను గ్రాడ్యుయేషన్ తర్వాత మళ్ళీ ఈ కథ చదువు నేను ఈ కథ ఆనందించు , 1  
నేను ఈ కథ కొన్ని రోజు క్రితం చదువు ఈ కథ చాలా ఆసక్తికరం మరియు కొంచెం ఫన్నీ గా ఉండు ఇది చాలా ఆసక్తికరం ఉండు ఎందుకంటే మేము ప్రయాణం గురించి చాలా నవ్వు మరియు సమాచారం అందించు నేను దీన్ని చదువు చాలా గట్టి నవ్వు అప్పుడు నేను అమ్మ ఎందుకు నవ్వు అడుగు ఈ కథ విను నేను ఈ కధను ఒకసారి చదువు ఈ కథ ఒకసారి నేను చదువు నేను ఈ కధను ఒకసారి చదువమని సూచించు తర్వాత మీరు ఫన్నీ మరియు ఆసక్తికరమైన కధకు దేవుడు ooooh అని చెప్పు , 1  
నేను గలివర్ మొత్తం పుస్తకం చదువు ఇది చాలా అద్భుతం మరియు సాహసోపేతమైన కథ కథ మంచి మరియు ప్రతీఒక్కరూ దీనిని చదువు నేను 9 వ తరగతి నేను ఈ పుస్తకం చదువు ఇంకా నేను దాన్ని గుర్తుంచుకున్నాను కథ ఆలోచన బాగుండు మరియు అద్భుతం ఇది సాహసోపేతం మరియు కొన్ని ధైర్యవంతమైన పాత్ర ఉండు ఈ కథ 3 లేదా 4 భాగం విభజించు ఆ భాగం ఆసక్తికరం ఉండు ప్రదేశం పాత్ర థీమ్ అన్నీ బాగుండు రచయిత గల్లివర్ మరిన్ని సాహసం వ్రాయి నేను భావించు ఇది చాలా బాగుండు , 1  
ఇది ఆసక్తికరం పుస్తకం ఫిక్షన్ గురించి చాలా చెప్పు అది ఒక సరదా నేను ఈ కథ నచ్చు పుస్తకం చదువు రీడబిలిటీ బాగుండు ఇది ఆసక్తికరమైనది ఉత్తమ ఫిక్షన్ కథ ఈ పుస్తకం పాఠక అద్భుతంనటువంటిది నేను కథ చాలా ఇష్టపడు మరియు చాలా ఆనందించు పుస్తకం అద్భుతమైనది ఇది కల్పన గురించి మాట్లాడుతుంటుంది కథ ఆసక్తికరం ఉండు మరియు ఆనందించేదిగా ఉండు అది వ్రాయి తీరుని నేను ఇష్టపడు , 1  
గలివర్స్ ట్రావెల్స్ కల్పితం నవల నేను గల్లివర్ యొక్క మొదట సముద్రయాత్ర గురించి ఎప్పుడూ మర్చిపోలేను ఇది సాధ్యం కాదు అని మనం తెలుసు కానీ ఇది లిలిపుట్స్ గురించి చాలా ఆసక్తికరమైన కథ లిలిపుట్ ద్వీపం ఇది నిజం గలివర్ యొక్క ఇతర ట్రావెల్స్ వలె చాలా ఆసక్తికరం ఉండు " ఎ వయాగో టు బ్రాడింగ్నెగ్ " " ఎ వయాగో టు ద లేన్డ ఆఫ్ ద హయ్మన్స్ " " ఏ గలివర్ అండ్ జెయన్ట్ " ఇది గలివర్ ప్రయాణం క్లాసిక్ కామిక్స్ చాలా ఆసక్తి ఉండు , 1  
మొదట నేను జోనాథన్ స్విఫ్ట్ గురించి మాట్లాడాలనుకుంటున్నాను అతను చాలా ఉత్సాహం కలిగేటట్టు రాయి గొప్ప రచయిత ఇప్పుడు కధ దగ్గర వచ్చు ప్రపంచం అంతటా ప్రయాణించు గలివర్ అనే వ్యక్తి గురించి ఈ కథ ఉండు అతను ప్రయాణించు లిల్లిపుట్ అనే ప్రదేశం చేరుకో అక్కడ అతను 1 - 2 అంగుళం ఉండు చిన్న మనిషి కలువు మరియు అక్కడ నలుపు మరియు థ్రిల్లర్ పూర్తి ఉండు చాలా చిన్న ప్రజలు ఆ గల్లివర్ యొక్క కథ వెళ్లు అక్కడ నుండి ఉత్కంఠభరితమైన గలివర్ యొక్క కథ మెుదలవుతుంది , 1  
హాయ్ ఫ్రండ్స్ ఈ పుస్తకం చదువు తర్వాత నేను నేను అనుభవం పంచుకో ఈ పుస్తకం పిల్ల కోసం చాలా అద్భుతమైనదినేను నేను మేనగోడలి కోసం ఈ కథ చదువు మరియు చాలా ఆనందం పడు మరియు వెంటనే ఆమె నిద్రపో ఈ కథ 2 - 8 సంవత్సరం పిల్ల నచ్చు ఈ కథ చదువు పిల్ల వినిపించమని మీరు సలహా ఇవ్వు మీరు పిల్లవాడు ఈ కథ ఎంతో ఆస్వాదిస్తాడని ఆశించు మరియు ఈ కధ చాలా చిన్న ఈ కథ పెద్ద కాదు అందువల్ల పిల్ల బోర్ ఫీలవరు , 1  
చాలా ఆసక్తికరమైన పుస్తకం గులీవర్స్ ట్రావెల్స్ మీరు చదువు మెుదలు పెట్టు తర్వాత విరమించరు ఇది వ్యసనం లాంటి సాహసం అంటే ఆసక్తి మరియు పుస్తకం చదువు ఇష్టపడు వారు ఎన్నుకో మంచివాటిలో ఇది ఒకటి మీరు చదువు మీరు కళ్ళ ముందు ఒక ఊహ చిత్రం తిరుగు ఉండు ఆ పాత్ర పుస్తకం నుండి బయటకు వచ్చు మనం ముందు ప్రదర్శన ఇవ్వు అనిపించు అనుభూతి కలిగించు పుస్తకం ఈ పుస్తకం ఒకటి , 1  
ఇది ఇప్పుడు నేను అద్భుతమని మరియు మహాఅద్భుతమని పిలువు హ్యాట్స్ ఆఫ్ ది లెజెండ్ Mr APJ ABDUL KALAM SIR పుస్తకం చదువు మీరు మనసు ఏమి జరుగు చూడు ఇది మీరు యొక్క పూర్తిగా కొత్తగా కనుగొను మెదడు అవ్వు నేను కేవలం లెజెండ్స్ కొరకు మాత్రమే దీనిని సిఫార్సు చెయ్యి , 1  
ఈ పుస్తకం APJ అబ్దుల్ కలాం సార్ మాజీ రాష్ర్టపతి రాయి మరియు ఈ పుస్తకం చాలా బాగుండు మరియు PJ అబ్దుల్ కలాం ప్రతి పుస్తకం బాగుండు మరియు ఈ పుస్తకం అతను దేశవ్యాప్తం ప్రయాణించు విద్యార్థి మాట్లాడు ప్రధాన ఉద్దేశ్యం యువ ఇండియన్స్ను ప్రేరేపించు మరియు ఈ పుస్తకం చవక ఉండు కాబట్టి విద్యార్థులందరికి కొను సులభం మరియు మీరు మీరు జీవితం నిరాశ ఉన్నట్లయితే ఈ పుస్తకం ప్రయత్నించు తర్వాత మీరు నిజంగా మంచి అనుభూతి పొందు , 1  
ఈ పుస్తకం భారతదేశం మాజీ రాష్ట్రపతి అవ్వు శ్రీ A P J అబ్దుల్ కలాంతో ఒకే ఒక సేషన్ ఆస్వాదించు నేను అవకాశం ఇచ్చిందిఇది ఒక ఆత్మకథ విన్గ్స ఆఫ్ ఫైర్ లా కానప్పటికీ ఇది రాష్ట్రపతి జీవితం గురించి మరియు ప్రత్యేకంగా అతను పిల్ల గల ప్రేమ గురించి చాలా అవగాహన ఇవ్వు మీరు APJ కలాంను అనుసరించు వారైతే ఈ పుస్తకం తప్పనిసరిగా చదవాల్సిందేనని నేను సలహా ఇవ్వు లేదా మీరు ఇది ప్రారంభించు చోట అనుకో పుస్తకం చివర పేర్కొను యువత పాట కూడా చదువు , 1  
మనం మాజీ ప్రెసిడెంట్ మరియు మిస్సల్ మనిషి A P J అబ్దుల్ కలాం లకు వందనం ఈ పుస్తకం వ్యక్తిగతం నేను ఇష్టపడుతున్నాను మరియు కలాం చెప్పన " చిన్న లక్ష్యం నేరం " అనే చిన్న విషయం స్పూర్తినిచ్చింది అవ్వు మనం లక్ష్యం పెద్ద ఉండు ఇక్కడ మనము కష్టపడు సవాలు ఎదుర్కొంటాము లేకుంటే మనము ఎదగలేము , 1  
ఈ పుస్తకం నేను యువ పాఠక ' ముందుకు సాగు ప్రారంభించు ' ఒక స్వరం వినిపించు రాయి నాయకత్వం శ్రేయస్సు దారి చూపించు నిర్మాణాత్మకమైన ఆలోచన ఉండు యువ భారతీయ వాటి ఆమోదం కోసం దీర్ఘకాలం వేచు ఉండు భద్రత పేరు వారు భయపెట్టు వాటిని మరియు వ్యవస్థాపకతను నిరుత్సాహపర్చే వాటిని సంస్థాగతం నిబంధన మరియు సమూహం ప్రవర్తనలకు ఉద్దేశించు నిబంధన అధిగమించు ఆలోచన పెట్టుబడి సంస్థ మార్గం హార్డ్ వర్కే పరిష్కారం అని చెప్పబడు , 1  
64 నేను ఇంజనీరింగ్ విద్యార్ధి ఉండు ఈ పుస్తకం చదువు ఈ పుస్తకం జూనియర్ ఇంజనీర్లకు శక్తివంతమైన మాగ్నెట్గా పనిచెయ్యి ప్రతి ఇంజనీరింగ్ విద్యార్ధి డాక్టర్ కలాంను రోల్ మోడల్గా చూడు డాక్టర్ కలాం యొక్క వ్యక్తిత్వం ఎల్లప్పుడూ యువకుడు శాస్త్రవేత్త మార్చు మరియు నూతనాలను తీసుకువచ్చు స్పూర్తినిచ్చింది పుస్తకం ప్రారంభం అతను ఒక హెలికాప్టర్ క్రాష్ లో తాను ఎలా బతుకు బయటపడ్డాడో చెప్పు మరియు తర్వాత తాను విద్య మరియు కుటుంబం గురించి క్లుప్తం చెప్పు తాను డిఫెన్సలో ఎలా తిరస్కరించారో మరియు తాను వదులు పెట్టు జీవితం లక్ష్యం సాధించు కోసం ఎలా పని చెయ్యి వివరించు అతను JRD టాటా డాక్టర్ విక్రమ్ సారా భాయ్ వంటి ప్రముఖం వ్యక్తుడు మరియు నేడు భారతదేశం ఇగ్నైటెడ్ మైండ్స్ యొక్క విజేత అతను పేర్కొను ఇతరులు గురించి మాట్లాడుతాడుఇది తప్పు చదువు నేను ఇంకొక పుస్తకం ఇండియ 2020 ను చదువు కానీ భారతీయ మార్గనిర్దేశం చెయ్యి అది సామర్థ్యం కలుగు ఉండు నేను ఖచ్చితం అనుకో , 1  
Dr A P J అబ్దుల్ కలాం సర్ భారతదేశం గొప్ప శాస్త్రవేత్త ఆయన గొప్ప పుస్తకం రచయిత ఆయన తాను పుస్తకం ద్వారా ప్రజలు తాను ఆలోచన వ్యాప్తి చెయ్యి పంచు " ఇగ్నైటెడ్ మైండ్స్ - భారతదేశం అధికారం తొలగించు " అను నేను ముందు చదువు ఒక ఉత్తమ పుస్తకం ప్రతి వాక్యం చాలా స్పూర్తిదాయకమైనది మరియు నేను మరింత విశ్వసనీయపరుస్తుంది 6 వ అధ్యాయం " జ్ఞానం సమాజం " నేను అభిమాన అధ్యాయం ఈ అధ్యాయం కలాం సర్ సమాజం గురంచి మంచి జ్ఞానం ఎలా సంపాదించు మరియు ఎలా సమాజం ప్రవర్తించు అను వివరించు ఈ వాక్యం నేను చాలా ఉపయోగకరం ఉండు ఈ పుస్తకం లో ఉండు అన్ని అధ్యాయం బాగా వ్రాయి మరియు చాలా స్పూర్తిదాయకమైనవి ఈ పుస్తకం విద్యార్థి వారు నమ్మకం స్థాయి మెరుగుపరువు చాలా ఉపయోగకరం ఉండు ఒక లోపం ఏమిటంటే కొన్ని అధ్యాయం ఇంగ్లీష్ వ్యాకరణం అర్థంకావడం కష్టం ఉండు కానీ అధ్యయనంపై దృష్టి సారించు వల్ల అది నివారించు నేను ఈ పుస్తకం ఇతరులు గట్టి సిఫార్సు చెయ్యి , 1  
నేను జీవితం చదువు పుస్తకం అత్యంత అద్భుతం పుస్తకం నేను ఉత్తేజపరువు ఆలోచన మరియు గొప్ప అనుభవం కలాం సర్ పంచు ! ప్రతి ఒక్కరూ తాము తాము ప్రేరేపించుకోవడానికి ఈ పుస్తకం చదువు నేను 500000000000 స్టార్స్ ఇవ్వు ! awesome awesome awesome ! ప్రతి విద్యార్థి / ఉపాధ్యాయుడు ఈ పుస్తకం చదువు మరియు ఆంగ్ల అంత బాగా రాకపోయిన భయపడు ఈ పుస్తకం చాలా సులభమైన ఆంగ్ల వ్రాయి దయచెయ్యి దాని కోసం వెళ్ళు మీరు విన్గ్స ఆప్ ఫైర్ / యు ఆరు బోర్న్ టు బ్లోసమ్ / ఇండియ 2020 వంటి శ్రీ APJ అబ్దుల్ కలాం వ్రాయి ఇతర శక్తివంతమైన స్పూర్తిదాయకమైన పుస్తకం చదవచ్చు , 1  
ఇగ్నైటెడ్ మైండ్ మాజీ రాష్ట్రపతి అబ్దుల్ కలాం పుస్తకం ఆయన ప్రతి పుస్తకం భారతదేశం యొక్క భవిష్యత్తు అభివృద్ధిపై ఉండు నేను ఆయన అనేక పుస్తకం చదువు నేను స్నేహిత నుంచి ఈ పుస్తకం కొను ఇది చాలా స్పూర్తిదాయకమైన సందేశం కలుగు ఉందియువకులు ఈ పుస్తకం చదువు కలాం గుజరాత్ ఒక పాఠశాల కలుసుకో పాఠశాల విద్యార్ధి కథ విద్యార్థి మాట్లాడు మేము శత్రువు ఎవరు అనే ప్రశ్న వచ్చు అనేక సమాధానం వచ్చు కలాం గుర్తుచెయ్యి కాని శాల థాక్కర్ అని పిలువు పిల్ల నుండి వచ్చు సమాధానం మనం శత్రువు పేదరికం మీరు ఒక విద్యార్థి అయితే మీరు ఈ పుస్తకం చదువు కలాం ఒక గొప్ప శాస్త్రవేత్త మరియు మిసైల్ మనిషి అని పిలువు మరియు భరత్ రత్నం అవార్డు నామినేట్ అవ్వు నేను ఈ పుస్తకం సిఫార్సు చెయ్యి , 1  
APJ అబ్దుల్ కలాం భారతదేశం ఉత్తమ రచయిత ఎందుకంటే నాణ్యత మరియు సహజం ప్రపంచం గురించి ఆలోచించు అతను భారతదేశం నివసించు ప్రజలు నిజమైన దృష్టి మరియు జాతీయత అతను విశ్వసిస్తాడు నేను అబ్జూల్ కలాం మంచి రచన విధానం ఇష్టపడు మరియు సామాజికం అవగాహన కలిగించు మరియు ఆలోచన గురించి సాధారణం చర్చ వివరించు శక్తి కూడా ఉందిసాంఘిక ప్రవృత్తి మరియు మానవత్వం గురించి యువత తెలుసుకో చాలా ముఖ్య మానవజాతి యొక్క పనితీరును విస్తృతకు ఉపయెగ పడు మరియు యువత విజయం సాధించు మార్గం మెరుగుపరచు గురించి ఈ పుస్తకం రకరకాలు అధ్యయనం ఉండు ఆలోచన మూలం రెచ్చకొట్టడం భావం వ్యక్తీకరణ తప్పు అబ్దుల్ కలాం యొక్క మంచి లక్షణం , 1  
ఇగ్నైటెడ్ మైండ్ మాజీ రాష్ట్రపతి APJ అబ్దుల్ కలాం వ్రాయి ఆంగ్ల భాష పుస్తకం నేను అనేక కలాం పుస్తకం చదువు నేను బుక్ ఫెయిర్ లో ఈ పుస్తకం కొను ఐదుసార్లు ఈ పుస్తకం చదువు కలం గొప్ప పుస్తకం ఒకటి కలాం యెుక్క అనేక ప్రేరేపితం సందేశం ఈ పుస్తకం ఉండు సింథల్ థాక్కర్ అబ్బాయి గురించిన కథ గుజరాత్ ఒక పాఠశాల కలామ్ కలుసుకో విద్యార్థి మాట్లాడు ఉండు వచ్చు ప్రశ్న మనం శత్రువు ఎవరు మరియు సింథల్ థాక్కర్ మేము శత్రువు పేదరికం అని సమాధానం చెప్పు భవిష్యత్తు ఇండియా అభివృద్ధి చెందడంపై కలాం దృష్టి ఉండు మీరు గమనించు ఈ పుస్తకం తప్పు చదువు కలాం భరత్ రత్నం కోసం ప్రతిపాదించబడ్డారు మరియు మిసైల్ మాన్ గా పిలువు ఆ పుస్తకం నిజంగా నేను హృదయం తాకినది నేను ఈ పుస్తకం సిఫార్సు చేయాలనుకుంటున్నాను , 1  
ఈ పుస్తకం ప్రధాన భారతీయ చాలా అద్భుతమైన మరియు ఉత్తేజకరమైనది APJ అబ్దుల్ కలాం భారతదేశం అత్యుత్తమ రాష్ట్రపతి ఉండు మీరు తెలుసు ఆయన చాలా మంచి మనిషి అతను ఇండియా మిసైల్ ని ఇవ్వు భారతదేశం మిసైల్ మాన్ గా కూడా అయ్యారుచేసే పని కష్టపడు చెయ్యి భారతీయ ప్రేరేపించడానికి ఆయన ఈ పుస్తకం రాయి ఈ అద్భుతమైన పుస్తకం చదువు తర్వాత ప్రధాన ఇది యువతరం స్ఫూర్తినివ్వడనికని నేను వ్యక్తిగతం గుర్తించు ఈ పుస్తకం 2020 లో భారతదేశం ప్రతిబింబంనేను ఈ పుస్తకం చదువు మీరు అందరు సిఫార్సు చెయ్యి ఈ పుస్తకం చదువు మొదలుపెట్టు మీరు మీరే ఆపు అని నేను చెప్పు అందువల్ల కనీసం మీరు ఒకసారైని చదువు , 1  
ఈ ఊహాత్మక ఆలోచన గల మనం లెజెండ్ మరియు అందరు ఇష్ట వారు ఇంకెవరో కాదు అవ్వు మిస్టర్ అబ్దుల్ కలాం సాహబ్ ఆయన ఆలోచన మనం అందరు నిజంగా అభివృద్ధి మరియు శ్రేయస్సుతో ఒక ఖచ్చితమెన సినారియెు తయారు చెయ్యి ఈ ప్రత్యేకం పుస్తకం ఈ విషయాలన్ని పొందపరచబడ్డాయి భారతదేశంపు అద్భుతం కథ దయచెయ్యి ఈ పుస్తకాన్న్డి చదువు , 1  
హలో ఫ్రెండ్స్ డాక్టర్ ఎ పి అబ్దుల్ కలాం పుస్తకం ఇండియ 2020 గురించి మనము మాట్లాడు మనం భవిష్యత్తు మంచి పుస్తకంఆయన గొప్ప అధ్బుతమైన వ్యక్తి ఆయన ఎప్పుడూ మనం దేశం మరియు ప్రజలు గురించి ఆలోచిస్తుా ఉండు ఆయన ఎల్లప్పుడూ భవిష్యత్ గురించి ఆలోచించు నమ్ము ఆయన తర్వాత 10 సంవత్సరం ప్రజలు ఎలా ఉండు ఆలోచించు మరియు భారతీయ ప్రజలు గురించి భారతీయ ప్రతిభ మరియు ఆలోచన శక్తి గురించి ఆయన తెలుసు మరియు DR A P J అబ్దుల్ కలాం భారతీయ భవిష్యత్తు గురించి ఆలోచించు ఇది అధ్బుతమైన పుస్తకం ఈ గొప్ప పుస్తకం మనం భవిష్యత్ కృతజ్ఞత తెలుపు , 1  
నేను 12 తరగతి ఉండు ఈ పుస్తకం చదువు మరియు నేను ఈ పుస్తకం బాగా నచ్చు రెండు మనస్సు మధ్య ఏర్పడు నిజమైన ప్రేమ గురించిన కథ ఈ కథ చదువు తర్వాత నేను బాగా నచ్చు విషాదకరమైన ముగింపు బాధాకరం ఈ కథ ఖుషి మరియు రవి మాట్రిమని సైట్ లో కలుకుంటారు వారిద్దరు ఒకరు గొంతు ఒకటి విను తర్వాత వారు ఒకరు ఒకటి ప్రేమ పడు కొన్ని నెల తర్వాత వారు ప్రేమ వారు తల్లిదండ్రులు ముందుంచుతారు వారు ఒకరు ఒకటి కలువు మరియు వారు అందమైన కథమెుదలవుతుందికానీ ముగింపు విషాదం ఖుషి రోడ్డు ప్రమాదం చనిపో ఆ తరువాత ఒంటరితనం మరియు బాధ తాను ఇల్లు తిరుగు వచ్చు కానీ అతను ఇప్పటికి తాను హృదయం ఖుషీని ప్రేమిస్తున్నాడు , 1  
Awwwwwwsm కథ నేను నిర్భయ ఐదు స్టార్స్ ను ఇవ్వు ఈ పుస్తకం రావిన్ మరియు ఖుషీ యొక్క కథనేను ఈ పుస్తకం ఏడాది క్రితం చదువు హృదయన్ని అత్తుకునే ప్రేమ కథ కన్నీరు తెప్పించు సందేహం లేదు ఇది ఎల్లప్పుడు నేను అభిమాన పుస్తకం రచయిత తాను మనస్సు పెట్టు రచించు న్యాయంచేకూర్చారు , 1  
ఏం నవల రాయి రవిందర్ సింగ్ వాస్తవం రవిందర్ సింగ్ నిజమైన కథ అందం వ్రాయి నేను నచ్చు ఆ నవల ప్రత్యేకత ఏమిటంటే చిన్న చిన్న సంఘటన మొత్తం కధలో జరిగుతాయి అది రావిన్స ౩ బెస్ట్ ఫ్రెండ్స్ కధలో వారు కళాశాల జీవితం మరియు ముఖ్యంగా ఖుషితో రావిన్ జీవితం ఆకస్మాత్తుగా ఖుషికి జరుగు సంఘటన మనస్సు అత్తుకునే నవల సులభం ఎవరైనా ఏడ్చేలా చెయ్యి , 1  
పుస్తకం అద్భుతం ఉండు చదువు ప్రతిఒక్కరు ఈ కధకు కనెక్ట్ అవ్వు ఈ కధ వివరించు విధానం చాలా బాగుందినేను ఈ పుస్తకం గురించి సంక్షిపంతంగా చెప్పు మనము నవ్వుతాము ఏడుస్తాము భావోద్వేగం లోనవుతాముమెుత్తంగా చెప్పు మనము ప్రేమ భావన కలుగు మనము ఈ పుస్తకం ఏ ధరకైనా కొను చివర నేను ఈ పుస్తకం గురించి మాట్లాడు ఈ పుస్తకం చదువు గొప్ప అనుభూతి కలుగు కాబట్టి దాన్ని ఆస్వాదించు , 1  
సింప్లిసిటీ అమాయకత్వం ఒకే పుస్తకం ఉండు ఇది హృదయం కదిలించు కథ మరియు వాస్తవం దూరమవ్వు కధకథ యొక్క ప్రతి పేజీ చదువు మీరు ఇష్టపడు ఒక వివాహం సైట్ ఆధారం ఒక అమ్మాయి ఒక అబ్బాయి ప్రేమ పడతారుచాలా ఆసక్తికరం ఉండు కదా ప్రత్యక్షం చూసుకో వారు ప్రేమ పడు అద్భుతమైన థీమ్ ముగింపు ఉండు కధ , 1  
హై guys ! నేడు నేను మీరందరకు నచ్చు విషయం ఏది మీరు చెప్పాలనుకుంటున్నానుఉన్క్ ! అది " ఐ టు హేడ్ ఎ లవ్ స్టోరీ " పుస్తకం గురించినిజమైన ప్రేమ ఏమిటి ఈ పుస్తకం చదువు మీరు సమాధానం కనుగొను ఈ కధ రవీందర్ మరియు అతను ఎదురుచూడు ఆసుపత్రి మరణించు ప్రియ జీవితం మధ్య నడువు " ఐ టు హేడ్ ఎ లవ్ స్టోరీ " పుస్తకం రాయి ద్వారా రవీందర్ సగం అమరత్వం చేకూర్చు - నేను స్నేహితలారా చదివండి ! మరియు ఆనందించు ! , 1  
ఈ కథ ఇన్ఫోసిస్ లో పనిచెయ్యి రావిన్ అనే అబ్బాయి మరియు కుషీ అనే అమ్మాయి గురించి ఒకే నేపథ్యం ఉండు వాళ్ళు ఒక వివాహం సైట్ ద్వారా మొదట మాట్లాడు కున్న తరువాత ఒకరు ఒకటి ప్రేమ పడు వారు ఇద్దరూ ప్రేమ సంతోషం ఉండు మరియు అకస్మాత్తుగా ఒక సమయం ఖుషీ చనిపోయిందనే ఒక వార్త వచ్చు ఇది రావిన్ జీవితం ఆగిపో ఇది అతను జీవితం పెద్ధ మార్పు ఈ కథ ఒక జంట మధ్య జరుగు వారు గొడవ వారు ప్రేమ వారు అభిరుచి వారు లక్ష్యం వారు అవగాహన మరియు నిజమైన ప్రేమ ఉండు ఆ జంట ఏమవ్వు అన్ని చూపించు , 1  
ఓం ప్రకాష్ వాల్మీకి జొథన్ : ద దళిత్స్ లైఫ్ పుస్తకం వ్రాయి రచయిత చాలా మంచి చొరవ తీసుకో మనం సమాజం యొక్క వాస్తవికతలను బహిర్గతం చెయ్యి ఒక దళిత జీవితం యొక్క వాస్తవికత తెలుపు రచయిత క్రెడిట్ ఇవ్వు అందువల్ల అధికారి దానిని గమనించవచ్చు సమాజం యొక్క కష్టం ప్రజలు దృష్టి తీసుకువచ్చు పుస్తకం చాలా ఉపయోగకరం ఉండు ఓం ప్రకాష్ వాల్మీకి ఈ పుస్తకం మంచి వివరణ అందించు నేను చెప్పు అంతే , 1  
జొథన్ భారతదేశం యొక్క చారిత్రకం నగ్నం సత్యం నేను చాలా సార్ ఈ పుస్తకం చదువు రచయిత ఈ పుస్తకం జొథన్ పేరు ఎందుకు పెట్టు తెలియు మేము ఈ పుస్తకం చదువు దళిత ప్రత్యేకంగా స్వీపర్స్ యొక్క ఘోరమైన పరిస్థితి చూడు కులతత్వాం భయం సృష్టించు మరియు మనం మనస్తత్వం వెల్లడించు ఈ పుస్తకం డిజిటల్ యుగం సమాజం ఇంకా కులతత్వాం ఉండు తెలియు చెయ్యి ఓం ప్రకాష్ వాల్మీకి అద్భుతమైన మరియు కఠినమైన భాష కలుగు ఉండు మేము కొన్ని చవకైన గాలీస్ ను చదువు అయితే రచయిత గ్యాలియేల్స్ యొక్క పాత్ర న్యాయంచేస్తాడు , 1  
అనేక ప్రాచీన కధలు ఈ పుస్తకం మీరు ఖాళీ సమయం రీడబుల్ ఉండు ఆర్కే నారాయణ్ ఈ గొప్ప పుస్తకం మనం తీసుకువచ్చు చాలా శ్రమ పడు ' ఏ హార్స్ అండ్ టు గోట్స్ ' ' స్వామి అండ్ ఫ్రెండ్స్ ' మరియు ' ది వెండర్ ఆఫ్ స్వీట్స్ ' వంటి అనేక కథ ఉండు ఇది టెలివిజన్ సిరీస్గా కూడా చిత్రీకరించు అది కూడా అద్భుతం కానీ మీరు తెలుసా పుస్తకం చదువు ఒక గొప్ప ఆనందం ఉండు ప్రత్యేకంగా పుస్తకం పాఠక ఈ కథ గత తెలుపి మీరు వర్తమానం మెరుగ్గా ఉండు గొప్ప ప్రాముఖ్యత నించు , 1  
ఆరు కె నారాయణ మాల్గుడి డేస్ చాలా మంచి నవల ఇది ఒక మంచి గ్రామం కథ వారు ప్రజలు చాలా కనికరములు గల దక్షిణం భారతదేశం చిన్న గ్రామం వారు జీవనం ఈ కథ సృష్టి కారణం ఈ నవల ప్రజలు మంచి రివ్యు ఇవ్వు ఇది సాధారణం కథ కాదుఈ కథ హిందీ ఇతర భాష సీరియల్గా వచ్చు నిజంగా చాలా అందం కథ మంచి హృదయం ఉండు ప్రతి మనిషి ఈ నవల చదువు ఎందుకంటే వారు అందరు మంచి సందేశం పొందు ప్రధాన రాజకీయ నాయక దీనిని నేర్చుకో , 1  
మాల్గుడి డేస్ ఆరు కె నారాయణ యెుక్క చిన్న కథ సేకరణ మాల్గుడి అను ఆరు కె కథ నవలలలోని దక్షిణం భారతదేశం ఒక కల్పితం పట్టణం ఇది చాలా నారాయణ్ రచన కొరకు ఏర్పడు ఇది తాను సొంతం అనుభవం నుండి చిన్నతనము పెంపకం నుండి సృష్టించు పట్టణం దానిలోని ప్రజలు ఆయన ప్రతి రోజు కలువు ప్రజలు ఈ పుస్తకం 2017 లో పెంగ్విన్ క్లాస్సిక్స్ ద్వారా భారతదేశం వెలుపల పునఃప్రచురణ చెయ్యి పుస్తకం 32 స్టోరీస్ దక్షిణం భారతదేశం కల్పితం పట్టణం ఉండు మాల్గుడిలో అన్ని సెట్ ఉండు ఈ కథ ప్రతి ఒక్కటి మాల్గుడిలో జీవితం యొక్క వాస్తవం వర్ణించు " పుస్తకం ప్రతి ఒక్కరూ తాను ప్రత్యేకమైన గంట నాణ్యత ప్రతిస్పందించడానికి సామర్ధ్యం కలుగు ఉండు " ఇది మేము అధ్యయనం మరియు పునరుద్ధరించు ఒక కళ , 1  
మనం గడుపు బాల్యం దినం అప్పటు జీవితం మంచి పాత రోజు మాల్గుడి డేస్ జ్ఞాపకం చెయ్యి రచన చాలా సులభమైనది వాస్తవికమైనది మరియు అర్థం చెయ్యి చాలా సులభం ఇది నేను చాలా వ్యామోహం చెయ్యి మాల్గుడి డేస్ నేను ఎల్లప్పుడు ఇష్టంమరియు RK నారాయణ్ ను కథ చెప్పు ఒక నిపుణ భావించు అతను రూపొందించు విధం అభివృద్ధి చెేసిన విధం ప్రతి పాత్ర పూర్తిగా తెలివైన మరియు హాస్యాస్పదం ఉండు ఈ రకం కథ నేడు తరం చెందు పిల్ల చదువు నేను భావిస్తున్నానుఇది ఖచ్చితం నేను ఇష్టమైన పుస్తకం ఒకటి మరియు మీరు లైబ్రరీ సేకరణ లో మీరు దీన్ని ఉంచుకో , 1  
నేను ఆరు కె నారాయణ్ రచించు కథ మరియు కథ చాలా చదువు చాలా అందం కధలు మరియు ఈ కథ నీతి సమాజం మీద చాలా ప్రభావం చూపు ఈ కథ సామాన్యుడిపై మరియు వారు జీవితం సంబంధించు ఇది చాలా మంచి నవల మరియు నేను ఖాళీ సమయం నవల చదువు ప్రతి ఒక్కరు సిఫార్సు చెయ్యి , 1  
నేను ఈ పుస్తకం 9 వ మరియు 10 వ తరగతి ఉపయోగించు మరియు ఇది వాస్తవం కొత్త గొప్ప ఫలితం ఇవ్వు ఈ పుస్తకం చాలా ముఖ్య గమనిక కలుగు ఉండు ఇది మీరు అధ్యాయం మెుదలు పెట్టు ముందు చదువు అవసరం అప్పుడు సిలబస్లో ఉండు ప్రతి సిద్దాంతం ప్రత్యామ్నాయం పద్ధతి రుజువు చెయ్యి ఉండు దానిలో ఉండు గమ్మత్తు ఉపమానం ఉదాహరణ తుది పరీక్ష చాలా ఉపయోగకరం ఉండు నేను అనుభవం ద్వారా మీరు ఒకసారి ఆర్డి శర్మ చదివినట్లయితే మీరు 80 నుండి 90 కిపైగా స్కోర్ చెయ్యి దీని ప్రశ్న కాన్సెప్ట్ వృధి చెయ్యి సమర్థవంతం ఉపయెగపడతాయి , 1  
కాన్సెప్ట్ తయారు చెయ్యి RD శర్మ పుస్తకం చాలా బాగుండు ఇది 12 వ తరగతి విద్యార్థి చాలా ఉపయోగకరం ఉంటుందిఇది ఐఐటీ కోసం సిద్ధమవ్వు విద్యార్థి కోసం కాదు ఈ పుస్తకం చాలా ప్రశ్న ఉండు మరియు వేర్వేరు రకం ప్రశ్న ఉంటాయిప్రశ్నలు మీరు ఆలోచన శక్తి మెరుగుపరుస్తాయి ఇది అన్ని రకం విద్యార్థి చాలా అవసరం , 1  
మాల్గుడి డేస్ కేవలం ఒక అద్భుతమైన పుస్తకం ఆ సమయం భారతీయ సాంఘికం మరియు సాంస్కృతికం జీవితం చిత్రీకరించు రచయిత ఆరు కె నారాయణ ప్రతి పెద్ద మరియు చిన్న వివరం చాలా వాస్తవికం చూపించు సింప్ల్ గా ఉండు ఇష్ట కానీ పుస్తకం బలమైన వివరం ఉండు పుస్తకం నిజంగా సరళమైన మరియు ఆకర్షణీయమైన విధం చాలా విలువ తీసుకురాగలిగింది ఇది పుస్తకం పదే పదే చదువు కోరిక ఉండు , 1  
పుస్తకం చాలా ప్రత్యేకం లక్షణం చాలా బాగుండు పుస్తకం చాలా బాగా రూపొందించు పుస్తకం మంచి ఛాంపర్స్ ఫార్మేట్ ను కలుగు ఉందిపుస్తకంలో చిన్న సొల్యూషన్ మరియు పెద్ధ సొల్యూషన్ ఉండు పుస్తకం 10 వ తరగతి విద్యార్థి బాగుండు ఎందుకంటే ఇది బాల కోసం ఉత్తమ అధ్యాయాలను కలుగు ఉండు అగరు వాల్ కన్నా బారుంటుంది , 1  
నేను ఇటాలియన్ సోదరుడు ఆరు డి శర్మ చదవమలి నేను సిఫార్స్ చెయ్యి దాని తర్వాత 10 వ తరగతి నుండి ఇంటర్మీడియట్ పూర్తవ్వు వరకు నేను లెక్క కోసం ఆరు డి శర్మ పుస్తకం ఉపయోగించు తగిన ఉదాహరణ ముఖ్య గమనికలతో వివరంగా ఉండు అద్భుతం గణితం పుస్తకం అంతేకాకుండా ఇది ncert మరియు పోటీ పరీక్ష ఉపయోగకరం ఉండు అధ్యాయాలతో ఏవిధం పోటీ పరీక్షలనైనా విజయవంతం వ్రాయి దాని కి దాదాపు తప్పు సమాధానం కలుగు ఉండు మరియు కష్టం సమస్య సూచన ఇవ్వబడ్డాయిఅంతేకాక ఇది సగటు ధర లభ్యమవ్వు కాబట్టి విద్యార్థి వారు కాన్సెప్ట్ క్లియరెన్స్ చేసుకోడానికి దీనిని అనుసరించమని నేను సలహా ఇవ్వు , 1  
చదువు మీరు బిగ్గరగా నవ్వాలనుకుంటే అప్పుడు మీరు ట్వింకిల్ ఖన్నా పుస్తకం కొనుగోలు చేయండిబాలీవుడ్ దివి ఆఫ్ 90 జీవితం సత్యం తాను సొంతం ఆలోచన పోల్చు అందం హస్యత్మకంగా చిత్రీకరించు ఇది మీరు ఈ పుస్తకం నచ్చు ప్రధాన కారణం ఆసక్తికరమైన విషయం ఏమిటంటే ఆమె తాను కుమారుడు ఆడు గాలిపఠంతో జీవితం పోల్చినపుడు నవ్వురావడం పూర్తిగా మీరు డబ్బు మరియు సమయం విలువ కలుగు చెయ్యి తప్పు చదువు , 1  
హలో ఫ్రెండ్స్ Mrs ఫన్నీ బోన్స్ ట్వింకిల్ ఖన్నా రాయి పుస్తకం ఈ పుస్తకం ఒక హస్యత్మక రీతి భారతీయ మహిళ ఆధునికం హాస్యం జీవితం శైలి గురించి రాయి కలెక్షన్గా చెప్పవచ్చు దీని రచయిత ట్వింకిల్ ఖన్నా తాను పుస్తకం ద్వారా హాస్యం యొక్క భావన చిత్రీకరించు ప్రధాన పాత్ర పాక్షికం కల్పితం మరియు ఆధునికం యుగం భారతం మహిళ గురించి కొన్ని వాస్తవం ఆధారం ఉండు ఆమె కుటుంబం యొక్క జీవనశైలి ఆమె పరిసరం గురించి రచయిత యొక్క అనుభవం కూడా ఈ పుస్తకం సూచించు మరియు ఆధునికం జీవితం ఆమె జీవితం నిర్వహించు మార్గం దాదాపు ప్రతి ఆధునికం భారతీయ నేడు ఆధునికం జీవితం సూచించు చదువు ఇష్టపడు నేను ఫ్లిప్ కార్ట్ నుండి గత నెల కొనుగోలు చెయ్యి ఇది ట్వింకిల్ ఖన్నా అద్భుతం ప్రశంసనీయమైన అడుగు , 1  
ట్వింకిల్ బ్లాగుకు గల ప్రశంస నేను ఈ పుస్తకం కొనుగోలు చెయ్యి చెయ్యి నేను రెండు రోజుల్లో చదువు పుస్తకం చిన్న కథ ఉండు మరియు వాటిలో ప్రతి ఒక్కటి ఒక మాస్టరు పీస్ మరియు చదవవతూ ఉండు రిఫ్రెష్ అవ్వు రచన శైలి సులభం ఆసక్తికరం మరియు మునిగిపోయేలా అద్భుతం ఉండు ఇది చదువు మీరు ప్రేరేపించు కాగితం నాణ్యత గొప్ప ఉండు మరియు దాని ధర సముచితం ఉండు రచయిత తాను రోజువారీ కష్టం ఎవరితోనైనా పంచుకో , 1  
ట్వింకిల్ ఖన్నా వాస్తవం బాగా రాయగలడని నేను ఎప్పుడూ అనుకో ఈ పుస్తకం చదువు ముందు నేను ఆమె బ్లాగ్లలో కొన్ని చదువు కానీ ఈ పుస్తకం నిజంగా ఒక ఆశ్చర్యకరమైన ప్యాకేజీ ఉత్తమ భాగం కంటెంట్ ప్రదర్శన దీని వల్ల వాస్తవం ట్వింకిల్ ఫన్నీ బోన్స్ పాఠక కితకితలు తెప్పించడంలో విజయవంతమైయ్యాడు ఒక ఇల్లాలు ఆమె అత్త పిల్ల మరియు ఎలా ఆమె పరిస్థితి నిర్వహించు విధానం చాలా ఆనందభరితంగా ఉండు మరో అందమైన విషయం అక్కడక్కడ గీతగీయబడి ఉండు పదం అంతర్లీన అర్ధం కలుగు ఉంటాయిమీరు నిజంగా ఆమె రచన అనుబంధం ఏర్పరుచుకుంటారు ఆమె తదుపరి విడుదలయ్యే పుస్తకం కోసం నేను ఆత్రం ఎదురు చూస్తున్నానుమీ మంచి పని కొనసాగించు ! , 1  
ఈ పుస్తకం అందరు సిఫార్సు చెయ్యి ఈ పుస్తకం తొందరగా చదివేయోచ్చు మరియు రిఫ్రెషింగాను ఉండు కానీ ముందుగా ప్రచురించు వార్తాపత్రిక కాలమ్ల యొక్క సంగ్రహాలన్నింటి అన్ని విషయం విషాదం ఉండు ఇది కొన్ని గణనలను ఎదుర్కో - నేను ఇప్పటికి కొన్ని నిలువ చదువు స్థిరత్వం లేకపోవడం ఉండు కొన్ని అధ్యాయం మీరు సంతోషం అనుభూతి మరియు మీరు జీవితం మరియు దాని అనేక మార్గం గురించి ఆలోచించు చెయ్యి ఇతర అధ్యాయం పునరావృతం మరియు తక్షణం పునరావృతం అనుభూతి అధ్యాయం కనెక్ట్ ఏ థీమ్ ఉండు అందువల్ల కొనసాగింపును అనుభవించు ఒక వ్యక్తి దాని ముగింపుతో శ్వాస తీసుకో ప్లస్ వైపు అది నిజంగా గొప్ప ఆధునికం భారతదేశం యొక్క అభిప్రాయం మరియు మీరు మరియు నేను లాంటి మధ్యతరగతి ప్రజలు మధ్య చూడు సారూప్యత లోకి ఆలోచన ఇవ్వు మీరు జరగబోతున్నారని గుర్తించు , 1  
హాయ్ గైస్ ఈ ఆర్డ్ శర్మ పుస్తకం రివ్యు చెయ్యి సంతోషం ఉండు ఇది ఎక్కువ 9 వ మరియు 10 వ తరగతి కోసం గణితం ఎడిషన్ ఉత్పత్తి చెయ్యి ఈ తరగతి గణితం చాలా కష్టం ఉండు మరియు విద్యార్థి సులువు అర్థం చెయ్యి వివరణాత్మకం వివరణ ఇవ్వు మరియు ఇది పరిష్కరించు చాలా సమస్య ఉండు విద్యార్థి కోసం ప్రశ్న పరిష్కరించబడి ఉంటాయిమరియు నేను వ్యక్తిగతం ఈ పుస్తకం నుండి గొప్ప గైడెన్స్ పొందు మరియు దీనిలో కాన్సెప్ట్స్ బాగా వివరించు ఉండు కాబట్టి విద్యార్ధి ఎక్కువ మార్కు స్కోర్ చెయ్యి చాలా సహాయం పడు , 1  
హలో ఫ్రెండ్స్ నేడు నేను ప్రతి ఒక్కరు ఆరు డి శర్మ గొప్ప గణితం పుస్తకం గురించి నేను అనుభావాలను వ్యక్తం చెయ్యి దీని తర్వాత నేను నేను అనుభవం అనుగుణంగా ఈ మథమాటిక్స్ గురించి చెప్పు నేను ఈ పుస్తకం నేను చాలా సహాయకారి ఉండు చెప్పు ఎందుకంటే ఈ ncert మరియు సైడ్ బుక్ ప్రశ్న ఇది చాలా బాగుండు కానీ ఇతర పుస్తకం ఈ సదుపాయం అందుబాటు లేదు కానీ ఈ పుస్తకం ఈ సదుపాయం ఉండు అందువల్ల మేము రెండు మరియు మూడు పుస్తకం కొనుగోలు చెయ్యి దీని ద్వారా మనం మనం డబ్బు మరియు సమయం ఆదా చెయ్యి ఈ పుస్తకం ఒక విషయం బాగుండు అది పోటీ పుస్తకం గల అన్ని రకం ప్రశ్న ఉండు నేను మళ్ళీ ఈ పుస్తకం గురించి ఒక విషయం చెప్పాలనుకుంటున్నానుఉన్క్ మరియు ఈ పుస్తకం ప్రతి గణితశాస్త్రం విద్యార్ధి చాలా ఉపయోగకరం పుస్తకం , 1  
నవల చదువు నేను అంత ఇష్ట లేదు కానీ కొన్ని నవల చదువు ఐ టు హేడ్ ఎ లవ్ స్టోరీ నిజంగా చాలా మనస్సు హత్తుకో ఉండు ఇది 2008 లో ప్రచురించు ఈ కథ ఇద్దరు అపరిచిత వ్యక్తుడు మాట్రిమెని సైట్ లో కలుసుకో వారు ఒకరు ఒకటి ప్రేమ పడు మొత్తం నవల వారు ఒకరు ఒకటి గడుపు ప్రతి క్షణం వివరించు చివర వారు ఒకరు ఒకటి నిశ్చితార్థం చేసుకున్నారుఅతని ప్రియ ఆసుపత్రి చనిపో చాలా బాధకరం క్షణం ఇక్కడ పూర్తి నవల వివరించు అసాధ్యం కానీ మీరు దానిని చదువు పుస్తకం ఖర్చు చాలా తక్కువ అంతేకాక పుస్తకం యొక్క భాష చాలా సులభం ఈ కథ చాలా మనస్సు హత్తుకో ఉండు కానీ చివరకు కొంచెం బోరింగ్ గా ఉండు , 1  
ఐ టు హేడ్ ఎ లవ్ స్టోరీ మీరు ప్రేమ నవల రీడర్ అవ్వు అప్పుడు మీరు ఏదైమైనా చదువు మాట్రిమెని సైట్ లో ఒక అమ్మాయి కలుసుకో ఒక వ్యక్తి యొక్క ఒక అందం కథ ఆమె కలువు ప్రేమ లో పడు కథ స్వచ్ఛం సరళం ప్రేమ మరియు ఆమె గడుపు ప్రతి నిమషాన్ని వివరించు సినిమా హాలు తాను కలువు ఆమె కుటుంబం నుండి ఆమె ఎలా తప్పించుకుంటుందినిశ్చితార్థం జరుగు నేను మొత్తం కథ బయట పెట్టు రవీంద్ర సింగ్ రచించు నవల కెరెక్టర్ ఖుషి మీరు నిజం ప్రేమ ఏమిటో తెలుసుకోవాలనుకుంటేఉన్క్ దీనిని చదువు 2008 లో ప్రచురించు పుస్తకం మరియు తరువాయి 6 సంవత్సరం వరకు ఇది ఉత్తమ అమ్మకం పుస్తకం ఇది ఫాన్సీ కాదు కనుక పుస్తకం మీరు కనెక్ట్ చెయ్యి ఇది ఒకసారి నిజం ప్రేమ పడు ప్రతి ఒక్కరు సంబంధించు , 1  
కనయాశులకం గురించి చెపపాలంటే బహుశ పదం వెతుకకోవాలి నేను తెలుగు మొదటగా చదివిని ఓ మంచి పుసతకం  సాంఘికం మరియి ఇతర కటటుబాటల గురించి రచయిత వివరించు తీరు ఇతర పుసతకాలలొ నేను ఇంత చదువు కనయాశులకం రోజు ఉనన పరిసతితులను రచయిత కన్ను ఎదురుగా కనపడేవిధంగా రాయి గిరీశం మధురవాణి ఇతర పాతరలను చితరీకరించిన తీరు అదభుతం అంతిమం వాఖయం " డామమిట కథ అడడం తిరుగు " ఈ రకం ముగియు పుసతకం నేను ఇంత చదువు , 1  
ఈ పుసతకానని మేము తాత చదువు మేము నానన చదువు నేను ఇపపటికి చదువు నేను తరవాతి తరం కూడా చదువు ఆనందిసతారు అనుకుంటుననాను , 0  
ఏదైనా చెప్పు ముందు ఇది ఐ టూ హడ్ ఎ లవ్ స్టోరి యొక్క రెండవ భాగం అని చెప్పు ఇది రచయిత యొక్క ముందు కథ బాగుంటదని నేను కోరు కానీ అది బాలేదు ఎక్కడో సాధ్యం కాదు అనే భావన కలుగు నేను చెయ్యి సమయం వేస్ట్ అని భావించు ముఖ్య పాత్ర సిమర్ ని ఒక అపరిపక్వ అమ్మాయి చిత్రీకరించబడటం కంటే ఎక్కువ వర్ణించు బాగుండు ఇది బాధ కలిగించు క్లైమాక్స్ చాలా ఆకస్మికం మరియు బలవంతంగా ముగించబడింది కాబట్టి ఈ విధం కథ విలువైనది కాదను నేను చెప్పు దీనిలో అంత ప్రత్యేకత ఏమి లేదు , 0  
రవిందర్ సింఘ్ యొక్క కెన్ లవ్ హప్పెన్ ట్వైస్ అనే పుస్తకం నేను గత నెల కొనుగోలు చెయ్యి నేను చాలా నిరాశ చెందు అనుకో బాగా లేదు నేను చాలా ఎక్కువ అంచనా వెయ్యి కానీ మళ్ళీ అది పాత ఫ్యాషన్ ప్రేమ కథ ముగించు నేను తాను మొదట పుస్తకం కన్నా బాగా ఉండు అనుకో కానీ దురదృష్టవశాత్తు అలా అవ్వలేదుమీరు విసుగు చెందకూడదనుకుంటే ఈ పుస్తకం కొనకండి ఇది మీరు సమయం మరియు డబ్బు వ్యధా చెయ్యి ధన్యవాదం , 0  
హలో ఫ్రెండ్స్ తీవ్రం నిరాశపరిచింది నేను పూర్తి చెయ్యి ప్రయత్నించు కానీ చెడు రచన విధానం నేను వదిలేసేలా చెయ్యి తాను మొదట నవల గురించి చాలాసార్లు పోగుడుకోవడం జరుగు ఐ టూ హడ్ లవ్ స్టోరి ఏవిధంగాను ఉపయెగపడలేదు మొదట అధ్యాయం తాను మొదట పుస్తకం తాజ్ మహల్ యొక్క ఆధునికం రోజు సమానమని పోల్చు జరుగు రచయిత మరింత ఆసక్తికరం రాయి పోయినందున పేజీ పూరించు ప్రయత్నం చెయ్యి స్పష్టంగా తెలుస్తుందిమొత్తానికి ఇది సమయం వృధా చెయ్యి పుస్తకం , 0  
హలో ఫ్రెండ్స్ ఈ పుస్తకం ఇది అన్ని ఆశ అంచనా భావోద్వేగం నాశనం చెయ్యి మరియు రచయిత యొక్క అందమైన ప్రతిభ ఖననం చేసిందిఈ ప్రేమ కథ శారీరకం సాన్నిహిత్యం పాటు ప్రేమ యొక్క స్వచ్ఛమైన సారాంశం కలుగు ఉండు మొత్తం పుస్తకం అంతా రచయిత తాను తొలి విజయం గూర్చి పోగుడుకున్నాడుకాబట్టి స్నేహిత మీరు సమయం వృధా చెయ్యి ఈ పుస్తకం అసలు కథ లేదు అసలు చదువు వల్ల ఉపయెగంలేదు , 0  
హలో ఫ్రెండ్స్ ఈ పుస్తకం ఒక విక్రేత నుండి కొంతకాలం క్రితం కొనుగోలు చెయ్యి వీరు నేను పట్టణం ఒక వీధి చిన్న దుకాణం ఇది లైబ్రరీ వంటి నేను ఒప్పుకో ఈ పుస్తకం పూర్తిగా చెత్త ఉండు ఇంగ్లీషు భాష ఇది అవమానకరం నేను టీనేజ్ మిత్ర చెప్పు చెత్త నవలకన్న చెత్త ఉందినిజాయితీగా భగత్ తాను పుస్తకం ఎప్పుడైనా సవరించారా బహుశా అతను ఏమి వ్రాయి అతను తెలియు స్నేహిత మీరు సమయం వృధా చెయ్యి మొత్తం ఇది సమయం వ్భధా చెయ్యి పుస్తకం , 0  
మనం భారతీయ రచయిత చేతన్ భగత్ వ్యంగ్యం కు తాను ప్రదర్శించు అద్భుతమైన ప్రతిభ గట్టి చప్పట్లు కొట్టు చేతన్ భగత్ బెస్ట్ సెల్లర్ గురించి ఏమనుకుంటున్నాడుఎందుకు ఒక ఇటాలియన్ యొక్క కథ విషాదం విషాదం కథ తాను ప్రత్యేకత అనుకుంట ఒక చెత్త కధను చాలా వినోదాత్మకంగా సినిమా తియ్యి రాజ్కుమార్ హిరానీ ఒక పతకం ఇవ్వు చదువు : పుస్తకం ఉపయోగించు పదజాలం మరియు భాష సాధారణం ఉండు - కథ అర్థం చేసుకోవడంలో నేను ఏమాత్రం ఇబ్బంది పడలేదుకథ : కథ మొదట నుండి కథ జిడ్డుతనంలోకి ఆకర్షించబడతారు కానీ ఇతరులు ఇది ఆసక్తికరం ఉండోచ్చు నేను నిజంగా విషాదం కథల్లోకి వెళ్ళలేను , 0  
హలో ఫ్రెండ్స్ నేను మొదట ఆరు సంవత్సరం క్రితం చదువు మరియు నచ్చు గత నేను ఆసక్తిగల రీడర్ కాదు కానీ ఇప్పుడు నేను ఒక విపరీతం రీడర్ మరియుఈ పుస్తకం చదవద్దని నేను చెప్పు మీరు కొత్తగా చదువు దశ ఉండు మీరు ఈ శీర్షిక లేదా ఇతర చత్తన్ భగత్ పుస్తకం ప్రయత్నించు కాని ఇప్పటికి మీరు సమయం మరియు డబ్బు చదువు సేవ్ చెయ్యి అద్భుతమైన పుస్తకం టన్ను కొద్ది ఉండు బజ్ దగ్గర వెళ్లవద్దు ఇది సాహిత్యం రచన కాదు మరియు మీరు సినిమా పోలువు చాలా నిరాశ చెందు కొన్ని మంచి సంభ్రమం కలిగించు శీర్షిక చదువు తరువాత నేను ధన్యవాదం చెప్పు అప్పుడు హపి రీడింగ్ , 0  
నేను నేను కళాశాల సమయం ఈ పుస్తకం చదువు ఇది చదువు అంత మంచి పుస్తకం కాదు మీరు ఒపెన్ అవ్వు ఒక కిండెల్ ఎడిషన్ కొనుగోలు చెయ్యి నిరాశ చెందు ఎండ్రొయడ్ లో కిండెల్ ఆప్ప్ తో దీన్ని చదవాల్సిందే నేను ఈ పుస్తకం గురించి గొప్ప అంచనా కలుగు ఉండు కాని దాని కవిత్వం నిరాశపరిచింది అనువాదం కోల్పో ఉండు ఈ పుస్తకం నీవు మరియు నీవు సంబంద్ంచిన అద్భుతం గురించి ఆ అది చదువేదేదో అసలు భాష చదువుతే బాగుండు ఇప్పటికి ప్రపంచం పెద్ద పేరు ఉండు కాబట్టి కనీసం ఒకసారి ప్రయత్నించు పుస్తకం నాణ్యత చాలా చెడ్డ ఉండు మరియు భాష అర్థం కావడంలేదు , 0  
రవీంద్రనాథ్ ఠాగూర్ రచించు గోరు యొక్క ఆంగ్ల అనువాదం ఆయన గణనీయమైన పని కించపరచినట్లు ఉండు ఇంగ్లీష్ ముక్కముక్కలుగా ఉండు గ్రమాటిక్ స్పెల్లింగ్ తప్పలు తో ఉండు సాధారణం ఇది చాలా గందరగోళం ఉండు నేను పుస్తకం పరిశీలించటానికి తగిన విధమైన వివరణ ఏర్పరచటానికి ఒత్తిడి చెయ్యబడ్డానుకొనడం దుర్వినియోగం వ్యక్తుడు తాము సైట్లో అలాంటి వాటిని అందించకూడదు నేను వీలైనంత సంక్షిప్తం అంచనా వెయ్యి , 0  
రవీంద్రనాథ్ ఠాగూర్ రచించు గోరు యొక్క ఆంగ్ల అనువాదం ఆయన గణనీయమైన పని కించపరచినట్లు ఉండు ఇంగ్లీష్ ముక్కముక్కలుగా ఉండు గ్రమాటిక్ స్పెల్లింగ్ తప్పలు తో ఉండు మొత్తం ఇది అర్థమవ్వు లేదు సరైన అనువాదం పుస్తకం చదవటాటానికి ఒత్తిడి చెయ్యబడ్డాను కొనుగోలు వ్యర్థమైంది వ్యక్తుడు తాము సైట్లో అలాంటి వాటిని విక్రయించు నేను సాధ్యమైతే మైనస్ రేటింగ్ ఇవ్వు దీని వల్ల డబ్బు వృధా అంతే , 0  
ఈ నవల ఎందుకు నేను ఇష్ట లేదో చూడు జోనాథన్ స్విఫ్ట్ ఒక సులభం కోపం చెందె వ్యక్తి గలివర్స్ ట్రావెల్స్ మానవుడు జాతి ముఖం మీద కొట్టు ఉందిచివరికి నేను ఈ పుస్తకం స్కూల్ కాకుండా మంచి నిర్మాణాత్మకం వాతావరణం కాకుండా చదువు చాలా ఆనందం ఉండు ఎందుకంటే నేను ఆ సమయం చాలా సరదాగా ఉండు , 0  
నవల ఇది ఒక నవల అని నేను భావించు లేదు లేదా ఏది ఒక బాలీవుడ్ సినిమా స్క్రిప్ట్ కాదు ఇది ఒక ఆసక్తికరమైన కథ కాదు చాలా ఊహాజనితం కథ మీరు దాన్ని ఒకసారి చదువు మొదలుపెట్టు అది మీరు నరం మీద పడు ప్రారంభించు మరియు మీరు సెన్సెస్ ను నిరోధించు IIT నుండి పట్టభద్రుడైన ఒక వ్యక్తి నుండి వచ్చు కేవలం ఒక విన్నవించలేని కథ ఒక బాస్కెట్ బాల్ క్రీడాకారిణి అవ్వు బిహారీ వ్యక్తి చుట్టు కథ తిరుగు అతను ఒక అమ్మాయి ప్రేమ పడు ఆ తరువాత నుండి కష్టం మొదలవ్వు అమ్మాయి తాను సగం స్నేహిత అవ్వు చేతన్ భగత్ ఈ నవల తాను తానే పాత్ర పోషించు చాలా చిరాకు ఉందిముందుగానే ఊహాించగల ముగింపుతో చాలా మధ్యస్తం మరియు సోమరితనం వ్రాయి ఈ కథ , 0  
ఈ సినిమా నచ్చు ఈ చిత్రం కాన్సెప్ట్ బాగుండు కాని కథ బాలేదు కేవలం బోరింగ్ కథ ఈ చిత్రం 2 స్టేట్స్ చీటాన్ భగన్ చిత్రం పోల్చస్తే చాలా బాలేదు కానీ ఈ సినిమా అన్ని పాట అద్భుతం ఉండు మరియు ఉత్తమ పాట మీరు ఫిర్ భి తుమ్కో చహుగహాఫ్ గర్ల్ఫ్రెండ్ ఒక సగటు చిత్రం నేను నీవు సూచించు దయచెయ్యి ఈ సినిమా కోసం మీరు డబ్బు వృధా చేసుకోకండిదీన్ని మీరు మొబైల్ లో డౌన్లోడ్ చెయ్యి మరియు ఒకసారి వీక్షించు నేను నిజంగా చేతన్ భగత్ నవల ఇష్టపడుతాను మరియు నేను చెటాన్ భగన్ యొక్క పెద్ద అభిమాని కానీ ఈ చిత్రం అంత బాలేదు , 0  
ఈ కథ మొదలవ్వు అంత బాలేదు ఒక సాధారణం ధోరణి బాలీవుడ్ చిత్రం లా ఉండు ఇది ఒక నవలలా కనిపించు లేదు ఒక లైన్ కథ ఒక పేద గ్రామం బాలుడు ఒక గొప్ప అమ్మాయి ప్రేమ పడు ఆమె ఒక వ్యాధి రావడం వల్ల ఆ అబ్బాయి మంచి కోసం అతను దూరం పంపుతుందని చివర చెప్తారుఇది కరణ్ జోహర్ చిత్రం నేను జ్ఞాపకం చెయ్యి ఒక నవల చదువు నీవు చూస్తున్నట్లయితే అప్పుడు ఈ నవల కాదు , 0  
హాఫ్ ప్రియ చాలా అవాస్తవికమైన వ్యక్తుడు కోసం ఒక రకమైన నవల ఎవరు ఫాంటసీ నవల ప్రేమిస్తారో వారు కోసం కథ చాలా బోరింగ్ మరియు కాసెప్ట్ ప్రతి ఒక్కరు అర్ధమయ్యేలా లేదు స్పోర్ట్స్ కోటా ద్వారా స్టెఫెన్ కళాశాల ప్రవేశించు మాధవ్ అనే ఒక బిహారీ అబ్బాయి విద్యావంతులైన రియా అనే చాలా అందమైన అమ్మాయి అతను చూడు మరియు ఒక గొప్ప మరియు అధునాతనం కుటుంబం చెందిన ఆమె ప్రేమ పడు వారు స్నేహిత అవ్వు మరియు మాధవ్ తాను భావన గురించి ఆమె చెప్పు ఆమె అతను నేను హఫ్ గల్ ఫ్రెండ్ గా ఉండు అను కథ ఓకె ఓకె , 0  
నేను చాలాకాలంగా ఈ పుస్తకం కోసం ఎదురుచూస్తున్నందుకు చింతించు మరియు నేను ఈ పుస్తకం దొరికినపుడు ఉత్సాహన్ని ఆపు కేవలం 3 రోజుల్లో చదివేసానుసమయం మరియు డబ్బు వృధా చెయ్యి అని నేను అనిపించు మోత్తానికి బాలీవుడ్ రొమాన్టిక్ చిత్రం లా ఉండు మరియు ముందుగా ఊహించగల చిత్రంఈ కథ మొదలవ్వు బాన ఉండు కాని వారు ఢిల్లీ విడియు పెట్టు వెళ్ళిన తరువాత చిత్రం పట్టుపోయింది అలాంటి అబ్బాయి మైక్రోసాఫ్ట్ వంటి సంస్థ యునైటెడ్ స్టేట్స్ లో ఇంటర్న్షిషిప్ దొరకు చాలా హస్యంగా ఉండు , 0  
చేతన్ భగత్ దేశం ఒక ఓవర్ రేటడ్ రచయత అని నేను అనుకో ఈ నవల తర్వాత ఒక గొప్ప రచయత రాయి సగటు కన్నా తక్కువ కధను చిత్రం తీసిలెక్కపెట్ట లేనంత డబ్బు సంపాదించవచ్చో ఒక ఉదాహరణ వంటి దేవుడు ధన్యవాదం బాక్స్ ఆఫీసు దగ్గర బాగా ఆడలేదుకాబట్టి మొత్తంగా ఈ అది చెత్త ఉండు ఇంగ్లీష్ మాట్లాడు తెలియు సగటు వ్యక్తి ఫాన్సీ ఇంగ్లీష్ నిష్ణాతురలైన అమ్మాయి రియా సొనాని కలువు తక్షణం ప్రేమ పడతాడుఅప్పుడు కొన్ని ట్విస్ట్ లు మరియు మలుపు వచ్చు కానీ ప్రతి విలక్షణమైన బాలీవుడ్ చిత్రం లాగా వారు ఒకరు ఒకటి కలువు మరియు ఆనందం కలువు , 0  
సాహిత్యం రూపం తాను సొంతం అభ్యంతరకరం అభిప్రాయం వర్ణించటంలో ఈ మూడవ గ్రేడ్ రచయిత యొక్క పరిధి చూడు ఆశ్చర్యపోయానుఈ పుస్తకం ముగింపు ఆమె చిన్న విషయం సౌందర్యం చూడు నేర్చుకుందని మరియు భారతీయ సంస్కృతి గౌరవించు ప్రారంభించు చెప్పిందిఆమె నిజం ఏమి నేర్చుకో దేనినైనా గౌరవించు దానిలో అందం చూసినపుడు దాని గురించి అంత చెత్త వ్రాయి !!! భారతదేశం ఆమె చూడు విషయాలన్నీ ఎన్నటికీ ముగిసిపోయేవికావు మరియు మిడిమిడి జ్ఞానం ఉండు MCDONALD వంటి వారు ద్వారా నిర్వహించబడవి కావు ఆమె ఈ పుస్తకం వ్రాయి ప్రతి పేజిను ఆమె వ్యర్థ చెయ్యి నేను బాధ పట్టు ఆస్ట్రేలియా కూడా పరిపూర్ణమైన దేశం కాదు కాబట్టి భారతదేశం కానీ ఖచ్చితం భారతదేశం వంటి గొప్పదేశం గురించి వ్రాయి ఇటువంటి చౌకమౌకు విషయం దాని దయ మరియు గొప్పతనం ప్రభావితం చెయ్యి కానీ ఆమె అర్థం చేసుకోలేకపోతున్నది ఏమిటంటే సారా ఒక వ్యక్తి సరైన వైఖరితో ప్రపంచం చూడు వారు చాలా పక్షపాతం కఠినమైన వైఖరి అభివృద్ధి చెందు మరియు అప్పుడు మీరు వ్యక్తి మరియు కొన్నిసార్లు రచయిత కూడా ఎప్పటికీ ఎదగలేరు అని నేను చెప్పు ! , 0  
రవీందర్ సింగ్ నవల ఈ టూ హడ్ ఎ లవ్ స్టోరి ఇది ప్రేమ కథ కానీ బోరింగ్ ఈ పుస్తకం కొనకండినేను ఈ పుస్తకం చదువు చాలా పెద్ద కధ కాని ఆసక్తికరం లేదు సగం కథ పూర్తవ్వు లేదా బాలుడు మరియు బాలిక కుషి ఒకరికొకరు కలవరు 300 పేజీ పుస్తకం నేను నమ్ము దయచెయ్యి కొను మీరు డబ్బు వృథా చెయ్యి , 0  
రచన చాలా పిల్ల రాయి అందు బాహాటంగా శృంగారం లైన్స్ తో ఇది ఒక చీజీ నవలలాంటిది పుస్తకం గురించి చెడ్డ విషయం ఏమిటంటే రచయిత తాను పాత్రత సంబంధం కలుగు ఉండు కోరుకుంటున్నప్పటికీ అది చాలా పేలవం రాయి పుస్తకం కుదుర్చు వివాహం అనువైన ఒక అమ్మాయి పాత్ర చాలా మధురం మరియు అందం చూపించారుపాత్రల మధ్య టెలిఫోన్ శృంగారం సంభాషణ పాఠక కొన్ని సెక్సీ స్టఫ్ ఇవ్వు బలవంతంగా వ్రాయి ఉందికథ లైన్ చాలా బలహీనమని చెప్పు చాలా బాధకరంమరియు విచారమైన క్లైమాక్స్ కూడా మీరు కదపలేదుఇది బాధాకరమైన క్లైమాక్స్ పాఠక కథానాయకుడిని హీరో ఒప్పించు జరిగిందిఅన్ని విషాదకరమైన ముగింపు కథ విలువైనవి కావుచేతన్ భగత్ మిగులు ప్రేమ కథ ఒకటవ్వు ఈ పుస్తకం కుదుర్చు వివాహం మద్దతునిచ్చి చీజీ పేరు పెట్టారుమొత్తానికి ఇది సమయం వ్భధా చెయ్యి పుస్తకం అని నేను అనుభవం చెప్తుందిమీరు ఒక శృంగారం రసికులైతే అన్వేషించు అనేక ఇతర మంచి ఎంపిక ఉండు , 0  
హలో ఫ్రెండ్స్ ఈ పుస్తకం రావిందర్ తాను ప్రియ కోల్పో నిరాశ రాయి నిజమైన ప్రేమ కథ అని వారు చెప్పు కానీ అపరిపక్వ రచన చిరాకు ఉండు నిజమైన ఖాతా పరిగణన తీసుకో అది కొంత విశ్వాసం రాయి ఉండు అంత పట్టించుకునేదాన్ని కాదు అతను పదబంధాన్ని పునరావృతం చెయ్యి మరొక ఇబ్బందికరమైన విషయం ఏమిటంటే రచయిత నేను ఇష్టపడు ఖుషీని ఖుషీ ఎప్పుడూ కోట్ చేయాల్సింది , 0  
హలో ఫ్రెండ్స్ ఇది హిందీ దళిత సాహిత్యం ముఖ్యమైన వాయిస్ ఒక్క స్వీయం చరిత్ర కానీ ఈ పుస్తకం చాలా బోరింగ్ ఉండు హత్తుకునేటట్లు నేను అనిపించు దానికి కారణం మరియు విషయం కోసం బాధపడు కానీ రచన విధానం చిరాకు ఉండు దాదాపు మూడుసార్లు పుస్తకం విడిచిపెట్టాడు కానీ తరువాత పూర్తిచెయ్యి పేరాలు వదిలిపెట్టేసాను పుస్తకం యొక్క భాష ఒక బిట్ జారింగ ఉండు ప్రతి ఒక్కరూ చదువు ముఖ్యమైన పుస్తకం కాదను నేను అభిప్ఱాయపడుతున్నాను , 0  
హలో ఫ్రెండ్స్ నేను ఓం ప్రకాష్ వాల్మీకి రాయి దలైట్ జీవితం పుస్తకం గురించి నేను వ్యక్తిగతం అనుభవం పంచుకోవాలనుకుంటున్నానుఈ పుస్తకం ప్రపంచం చాలా ప్రజాదరణ పొందు మరియు నేను ఎప్పుడూ చదవన అత్యంత అద్భుతమైన పుస్తకం ఒకటి మీరు చదువు మొదలుపెట్టు తర్వాత మీరు దానిని కిందపెట్టలేరు ఇది పొడ పుస్తకం నేను ఎప్పటికి ఈ పుస్తకం పూర్తి చెయ్యి అనుకో నేను దాదాపు వదులు నేను పుస్తకం చదువు మరియు నిద్ర తర్వాత పుస్తకం చదువు ఈ పుస్తకం ప్రతి ఒక్కటి బాగుండు కాని తరువాత దాని శైలి బాలేదు మరియు కొన్ని ఎడిటింగ్ విషయం కూడా బాలేదు ఈ పుస్తకం కథ అర్థవంతం ఉండు కానీ ఏది ఒక సమయం అర్థమవ్వు స్పష్టంగా లేదు ధన్యవాదం , 0  
నేను కుమారుడు ఆరు డి శర్మ గురించి చర్చిస్తు ఉండు 9 వ తరగతి నుండి గణితం శాస్త్రం నేను ఉపయోగించు పుస్తకం ఆరు డి శర్మ నేను గణితం సిలబస్ కోసం ఆరు డి శర్మ పుస్తకం చదువు కాని నేను ఈ పుస్తకం 11 వ తరగతి ఉపయోగించు మానివేసాను కొను తరువాత నేను ఈ పుస్తకం నిజంగా సౌకర్యం లేదు ఎందుకంటే ఈ పుస్తకం 9 వ తరగతి కొనుగోలు చెయ్యి నేను సీనియరు అమ్ముకోవటానికి ఇది ఒకటే ఉత్తమ పుస్తకం అని నేను చెప్పు మరియు నేను మనస్సు కూడా ఆ సూచన వల్ల ఇది ఉపయోగించు ఉత్తమ పుస్తకం అని నమ్ము కాబట్టి నేను సీనియరు నుండి ఈ పుస్తకం కొను సెలవు తర్వాత నేను పాఠశాల ప్రారంభమైనప్పుడు నేను గ్రామం నుండి వచ్చు రోజువారీ పాఠశాల జీవితం ప్రారంభమైంది మరియు ఇప్పుడు అధ్యయనం కోసం నేను నేను ఆరు డి శర్మ పుస్తకం ఉపయోగించు అవకాశం వచ్చు లెక్క మాష్టారు నేను గణితం మొదట HW ఇవ్వు మేము 2 రోజుల్లో పూర్తి చెయ్యి చూపించు ఉండు నేను ఈ పుస్తకం తెరువు మరియు NCERT ప్రశ్న మరియు పరిష్కారం కోసం శోధించినప్పుడు మొదట విషయం నేను కనుగొను 1 అన్ని ప్రశ్న మరియు వ్యాయామం మిళితమయ్యి ఉండు ఇది ఒక నిమిషం లేదా అంత ఎక్కువ సమయం తీసుకో మరియు కొన్ని ప్రశ్న పరిష్కరించబడలేదు అది అపరిష్కృత ప్రశ్న ఇవ్వు నేను కోచింగ్ క్లాస్ లేదా స్కూల్ ఈ పుస్తకం ఉపయోగించు నేను సమయం మాత్రమే వృధా అవ్వు ఈ పుస్తకం అంత వివరణ చాలా బాగుండు మరియు సాధించవలసిన ప్రశ్న కూడా సరిపడు ఉన్నాయిటియిజి కాన్సెప్ట్ సరిగా లేవు అన్ని NCERT పరిష్కారం మిళిత చెయ్యి ఉండు ప్రశ్న పూర్తిగా కలువు ఉండు ఇవన్నిటి వల్లఈ పుస్తకం సాధన అనువుగా లేకుండు చెయ్యి మెుదటిది NCERT మరియు తరువాత ఇతర ప్రశ్నలుమొదట ప్రతి పిల్లవాడు ప్రాథమికం ఉపయోగించు వారు మెుదట NCERT ను క్లియర్ చెయ్యి తరువాత వారు ఇతర నమూనా పేపర్ లేదా ఇతర ప్రశ్న క్లియర్ చెయ్యి లేదా ఇతర పుస్తకం చదువు కాబట్టి ఈ పుస్తకం ప్రత్యేకంగా NCERT భాగం కలుగు ఉండు మరియు ఇతర ప్రశ్న NCERT పరిష్కారం నుండి వేరు ఉండు లేకపోతే పుస్తకం నిజంగా బాగుండు , 0  
నేడు నేను rdsharma గురించి నేను చేదు అనుభవం పంచుకో పుస్తకం చాలా మంచిదని మరియు అన్ని విషయం ఉండు నేను విను కాబట్టి నేను స్థానిక దుకాణం నుండి 660 కు class 12 thలో RD శర్మ కొను కానీ నేను పుస్తకం ఉపయోగించు పేజీ నాణ్యత బాలేదని నేను తెలుసుకో మరియు వెక్టర్ యొక్క 12 వ అధ్యాయం కొన్ని పేజీ లేవు వెక్టర్ outdated మరియు ప్రస్తుతం సిలబస్ ఆధారం లేదు అనేక అధ్యాయం ప్రస్తుతం సిలబస్ ఆధారం ఉండు నేను చూడు అనేక ప్రశ్న పరిష్కారం తప్పు ఇవ్వు మరియు త్రికోణమితి రుజువు చేసివ పద్ధతి కూడా బాలేదు మరియు నిజం కాదు మొత్తంగా ఈ పుస్తకం 12 వ గణితం శాస్త్రం బాలేదు , 0  
పుస్తకం చాలా సమాచారం ఉండు కానీ సమస్య ఏమిటంటే పరీక్ష సమయం అంత కంటెంట్ చదువు అసాధ్యం ఒకరకం ఉపయోగకరం ఉండు ఇంకొకరకంగా కాదు దీర్ఘ పద్ధతి మరియు విధానం విషయం బాగా వివరించు ఈ పుస్తకం నేను కొన్నిసార్లు చదువు ఇది సమస్య యొక్క పద్ధతి మరియు ముాలాన్ని అర్థం చేసుకోవడానికి ఉపయోగపడు కంటెంట్ తక్కువ మరియు అర్థవంతం ఉండు నేను R D శర్మ పుస్తకం నేను ఇష్టపడు , 0  
నేను మీరు చెప్పలనుకుంటున్నానంటే నేను 11 వ తరగతి ఆరు ఆరు శర్మ పుస్తకం చదువు మరియు త్రికోణమితి చాలా భాగం పాత సిలబస్ ప్రకారం ఉండు మీరు గణితశాస్త్రం మంచి మార్కు కోరు CBSE బోర్డ్ గణితం మంచి మార్కు రావాలి అప్పుడు మీరు NCERT కోసం వెళ్లు NCERT పుస్తకం మరియు దాని పరిష్కారం నేను చదువు , 0  
ట్వింకిల్ ఖన్నా ఆమె చమత్కారమైన మాట్లకు ప్రసిద్ధి చెందినప్పటికి పుస్తకం పొందుపరచడానికి ప్రయత్నించు నేను దృష్టి పుస్తకం అంత బాగా రాలేదు దీనిలో వ్యంగ్యం మరియు హాస్యం చాలా ఉన్నప్పుడు అది పాఠక ఆకట్టుకో విఫలమైంది ఇది ఏ విద్యావంతులైన మరియు గొప్ప గృహిణైనా క్రమం చెయ్యి పని కూడు ఒక సాధారణం పుస్తకంరొటీన్ షెడ్యూల్ గురించి తెలియు వారు మాత్రమే ఇష్టపడు మరియు వారు ఇది పూర్తిగా క్రొత్తది కానీ భారతీయ సమాజం దాని గురించి కొత్తగా ఏది లేదు అటువంటప్పుడు చదువు ఎందుకు , 0  
హాయ్ ఫ్రెండ్స్ ప్రయాణిం ప్రేమస్తాను మరియు ఎక్కువ సమయం ప్రయాణించు ఉండు కాబట్టి ప్రయాణించు నవల ఒక ఉత్తమ సహచరుడు కాబట్టి ప్రయాణం నవల చదువు అలవాటు వచ్చు ! ఒక రోజు నేను దేశ్పాండే లాంగ్ సైలెన్స్ నవల ఎంచు నేను ప్రయాణించు శశి దేశ్పాండే పేరు చాలా కాలం నుండి విను !! నవల అంతా కథానాయకి జయం కథ ఆమె ఒక గృహిణి మరియు ఇద్దరు పిల్ల ఉండు మరియు ఆమె స్వేచ్ఛ సమయం వ్రాయి ఉండు ! కాబట్టి చిత్రం భారతీయ సమాజం గురించి ఎక్కడైతే మహిళ చాలా త్యాగం చెయ్యి ; మొదట నవల జాయా మరియు మనోహర్ భర్త మరియు భార్య సంబంధం మధ్యతరగతి కుటుంబం ఎంత సంక్లిష్టం ఉండు దాని గురించి ! తర్వాత జయం భర్త అతనిపై కొన్ని ఆరోపణ కారణం తాను ఉద్యోగం వదులు వేయాలన్నప్పుడు __జయ జీవితం మార్పు మరియు ఆమె భర్త మరియు జయల మధ్య అభిప్రాయభేధాలు ప్రారంభమవ్వు మరియు జయం వారు సంబంధం నిరాశ ప్రారంభమవ్వు కాబట్టి కథ మొత్తం జయం మరియు ఆమె గత అనుభవం మరియు ఆమె త్యాగం చుట్టు తిరుగు కాబట్టి పుస్తకం భారతీయ సమాజం మహిళ చిత్రీకరించు ప్రయత్నించు ! ఇప్పుడు నేను విషయం మంచి కావచ్చని చెబుతా కానీ కంటెంట్ బోరింగ్ ఉండు ప్రయాణం నవల చదువు నేను చాలా సార్ నిద్రపో నేను బోరింగ్ మరియు నవల ఆసక్తికరం ఏమీ లేదను కనుగొను మరియు నేను నవల పూర్తి చెయ్యి నేను చాలా కష్టమైంది ! నేను పూర్తిగా నవల ఇష్టపడు మరియు అది చాలా బోరింగ్ గా ఉండు విషయం ఓకె కానీ అడ్వెంచర్స్ మరియు ఉత్తేజకరమైన విషయం ప్రేమించు నేను లాంటి వారు ఈ నవల చదివినపుడు సమయం బోరింగ్ గా అయిపో ! కాబట్టి చివర నేను నేను వైపు నుండి నవల సిఫార్సు చెయ్యి కాకపో మీరు ఇలాంటి నవల అభిరుచి కలుగు ఉండు మీరు చదవచ్చు లేకపోతే వద్దు ! ధన్యవాదం , 0  
నేను తగు భారతీయ రచయిత పుస్తకం చదవలేదనే దోషపూరిత భావన నేను ఈ పుస్తకం ఎంచుకున్నానుప్రముఖ భారతీయ రచయిత జాబితా శశి దేశ్పాండే ఒకటి కాబట్టి సహజంగానే ఆమె పుస్తకం ఒకటి ఎంచుకున్నానులాంగ్ సైలెన్స్ ఒక గృహిణి మరియు ఇద్దరు యుక్తం వయస్కుడు తల్లైన జయం కథ జయం జీవితం కుటుంబం అవసరం రాజీ పడు సాధారణం భారతీయ గృహిణి పోలు ఉండు అది బోరింగ్ కథ నేను నిరాశ చెందినాను నేను దీని ద్వారా నిరుత్సాహపర్చకూడదని అనుకో , 0  
గత నెల శశి దేశ్పాండే రచించు పుస్తకం లాంగ్ సైలెన్స్ను నేను చదువు ఈ పుస్తకం ప్రతిఒక్కరికీ బాగుండు కాని నేను కొన్ని పేజీ దాని కథ అర్థం చెయ్యి కానీ దాని అర్ధం నేను అర్థం కాలేదు ఈ పుస్తకం ఏ షాప్ లోనైనా అందుబాటు ఉండు కానీ దాని ధర చాలా ఎక్కువ ఉండు మరియు ఈ పుస్తకం ఆన్లైన్ షాపింగ్ వెబ్సైట్ అమెజాన్ లో అందుబాటు ఉండు ఈ కథ మనం జీవితం కోసం చాలా ఉపయోగకరం ఉండు మరియు సమాజం మంచి సందేశం కూడా ఇవ్వు చిత్రం సేకరణ మరియు నాణ్యత నేను నచ్చు , 0  
నేను ఒక నెల క్రితం తిరుగులని మంచి పుస్తకం శశి దేశ్పాండే రచించు లాంగ్ సైలెన్స్ ని చదువు ఈ పుస్తకం గ్రహం మీద అనూహ్యం బాగా తెలుసు మరియు నేను చదువు అత్యంత అద్భుతమైన పుస్తకం మధ్య నిలబడు మీరు చదువు ప్రారంభించు తర్వాత కింద పెట్టలేరు నేను పుస్తకం చదువు అభిమానించు ఈ పుస్తకం ప్రతి పేజీ ఆహ్లాదకరం ఉండు దాని చివర అమరిక బాలేదు కొన్ని కోణం భయంకరం ఉండు ఈ పుస్తకం కథ సమర్థనీయంగా ఉండు కాని కొన్ని విషయం అర్ధం కాలేదు కొన్ని భాగం నేను అర్ధంచేసుకున్నాను , 0  
నేను లెక్క ప్రకారం ఈ డిజిటల్ పుస్తకం " అత్త కూడా ఒకప్పుడు కోడలు " లేదా " ‌ బాల్యం వధువు " లాంటి ఒక సాధారణం కథఏక్తా కపూర్ " ఏంటి ! " - " ఏంటి ! " - " ఏంటి ! " రకం రసాయనికం పధార్దాన్ని తయారు చెయ్యి గురించి ఉత్సాహడడం సాధ్యమేమహిళల హక్కు అద్భుతం వివరించు కాని దేశ్పాండే జయం ద్వారా చూపించు అంతా అనుకరించిందే ఒక సంఘటన మోహన్ ఆమె భర్త ఎటువంటి బాద్యత తీసుకో తప్పించుకుంటున్నాడో అని ఆమె లోపలలోపల ఆమె తాను నిస్తేజ రూపం జవాబు తీసుకో చింతిస్తుండేది ఆమె పనమనిషి జీజా కూడా మగ యొక్క దోపిడీలకు లోనవ్వు తాగోచ్చిన భర్త చేయి తన్ను తిను ఆమె పక్కింటి ముక్తుడు ముక్తి యొక్క యువతి నీలిమ కూడా పూర్తిగా ప్రతి ఒక్కటి అది కనిపించు వాస్తవం యొక్క కాంతి లో ఉండు తప్పు ! జయకు " సీత " అని పిలువు ఒక వెబ్ బ్లాగు ఉండు మళ్ళీ ఫెమినిజం ! ఈ విషయం భారతదేశం ఉండు పరిస్తుతులకు చాలా దూరం ఉండు భావించు ఇది పూర్తిగా అసహజమైనది ఇది ఒక స్వీయం నిర్వహణగల మహిళ యొక్క మొత్తం జీవితం వక్రీకృత పితృస్వామ్య సమాజం యొక్క సహాయం దుఃఖం యొక్క క్షీణత రంధ్రం లోకి లాగబడింది క్షమించు ప్రస్తుతం ఇది ఒక కప్పు టీ లాంటి కాదు , 0  
నేను లెక్క ప్రకారం ఈ డిజిటల్ పుస్తకం " అత్త కూడా ఒకప్పుడు కోడలు " లేదా " ‌ బాల్యం వధువు " లాంటి ఒక సాధారణం కథఏక్తా కపూర్ " ఏంటి ! " - " ఏంటి ! " - " ఏంటి ! " రకం రసాయనికం పధార్దాన్ని తయారు చెయ్యి గురించి ఉత్సాహడడం సాధ్యమేమహిళల హక్కు అద్భుతం వివరించు కాని దేశ్పాండే జయం ద్వారా చూపించు అంతా అనుకరించిందే ఒక సంఘటన మోహన్ ఆమె భర్త ఎటువంటి బాద్యత తీసుకో తప్పించుకుంటున్నాడో అని ఆమె లోపలలోపల ఆమె తాను నిస్తేజ రూపం జవాబు తీసుకో చింతిస్తుండేది ఆమె పనమనిషి జీజా కూడా మగ యొక్క దోపిడీలకు లోనవ్వు తాగోచ్చిన భర్త చేయి తన్ను తిను ఆమె పక్కింటి ముక్తుడు ముక్తి యొక్క యువతి నీలిమ కూడా పూర్తిగా ప్రతి ఒక్కటి అది కనిపించు వాస్తవం యొక్క కాంతి లో ఉండు తప్పు ! జయకు " సీత " అని పిలువు ఒక వెబ్ బ్లాగు ఉండు మళ్ళీ ఫెమినిజం ! ఈ విషయం భారతదేశం ఉండు పరిస్తుతులకు చాలా దూరం ఉండు భావించు ఇది పూర్తిగా అసహజమైనది ఇది ఒక స్వీయం నిర్వహణగల మహిళ యొక్క మొత్తం జీవితం వక్రీకృత పితృస్వామ్య సమాజం యొక్క సహాయం దుఃఖం యొక్క క్షీణత రంధ్రం లోకి లాగబడింది క్షమించు ప్రస్తుతం ఇది ఒక కప్పు టీ లాంటి కాదు , 0  
నేను ఒక నెల క్రితం తిరుగులని మంచి పుస్తకం శశి దేశ్పాండే రచించు లాంగ్ సైలెన్స్ ని చదువు ఈ పుస్తకం ప్రపంచం చాలా ప్రజాదరణ పొందు మరియు నేను చదువు అత్యంత అద్భుతమైన పుస్తకం ఒకటి మీరు చదువు ప్రారంభించు తర్వాత కింద పెట్టలేరు నేను పుస్తకం చదువు అభిమానస్తాను నేను చదువు నిద్రపో ఇష్టపడు ఈ పుస్తకం ప్రతి పేజీ ఆహ్లాదకరం ఉండు దాని చివర అమరిక బాలేదు కొన్ని కోణం భయంకరం ఉండు ఈ పుస్తకం కథ సమర్థనీయంగా ఉండు కాని కొన్ని విషయం అర్ధం కాలేదు కొన్ని పేరాలు నేను అర్ధంచేసుకున్నాను , 0  
నేను లెక్క ప్రకారం ఈ డిజిటల్ పుస్తకం " అత్త కూడా ఒకప్పుడు కోడలు " లేదా " ‌ బాల్యం వధువు " లాంటి ఒక సాధారణం కథఏక్తా కపూర్ " ఏంటి ! " - " ఏంటి ! " - " ఏంటి ! " రకం రసాయనికం పధార్దాన్ని తయారు చెయ్యి గురించి ఉత్సాహడడం సాధ్యమేమహిళల హక్కు అద్భుతం వివరించు కాని దేశ్పాండే జయం ద్వారా చూపించు అంతా అనుకరించిందే ఒక సంఘటన మోహన్ ఆమె భర్త ఎటువంటి బాద్యత తీసుకో తప్పించుకుంటున్నాడో అని ఆమె లోపలలోపల ఆమె తాను నిస్తేజ రూపం జవాబు తీసుకో చింతిస్తుండేది ఆమె పనమనిషి జీజా కూడా మగ యొక్క దోపిడీలకు లోనవ్వు తాగోచ్చిన భర్త చేయి తన్ను తిను , 0  
హాల ఫ్రెండ్స్ నేను దేశ్పాండే రచించు లాంగ్ సైలెన్స్ గురించి నేను అనుభవం పంచుకోవాలనుకుంటున్నానుదేశ్పాండే రచించు లాంగ్ సైలెన్స్ మీరు చదువు ప్రారంభించు తర్వాత కింద పెట్టలేరు ఇది చదువు పెద్ద పుస్తకం నేను ఎప్పటికి ఈ పుస్తకం పూర్తి చెయ్యి అనుకో నేను దాదాపు వదులు నేను పుస్తకం చదువు అభిమానస్తాను ఈ పుస్తకం ప్రతి పేజీ ఆహ్లాదకరం ఉండు దాని ఎడిటింగ్ అంత బాలేదు ఈ పుస్తకం కథ అర్థవంతం ఉండు కానీ ఏది ఒక సమయం అర్థమవ్వు స్పష్టంగా లేదు ధన్యవాదం , 0  
నేను లెక్క ప్రకారం ఈ డిజిటల్ పుస్తకం " అత్త కూడా ఒకప్పుడు కోడలు " లేదా " ‌ బాల్యం వధువు " లాంటి ఒక సాధారణం కథఏక్తా కపూర్ " ఏంటి ! " - " ఏంటి ! " - " ఏంటి ! " రకం రసాయనికం పధార్దాన్ని తయారు చెయ్యి గురించి ఉత్సాహడడం సాధ్యమేమహిళల హక్కు అద్భుతం వివరించు కాని దేశ్పాండే జయం ద్వారా చూపించు అంతా అనుకరించిందే ఒక సంఘటన మోహన్ ఆమె భర్త ఎటువంటి బాద్యత తీసుకో తప్పించుకుంటున్నాడో అని ఆమె లోపలలోపల ఆమె తాను నిస్తేజ రూపం జవాబు తీసుకో చింతిస్తుండేది ఆమె పనమనిషి జీజా కూడా మగ యొక్క దోపిడీలకు లోనవ్వు తాగోచ్చిన భర్త చేయి తన్ను తిను ఆమె పక్కింటి ముక్తుడు ముక్తి యొక్క యువతి నీలిమ కూడా పూర్తిగా ప్రతి ఒక్కటి అది కనిపించు వాస్తవం యొక్క కాంతి లో ఉండు తప్పు ! జయకు " సీత " అని పిలువు ఒక వెబ్ బ్లాగు ఉండు మళ్ళీ ఫెమినిజం ! ఈ విషయం భారతదేశం ఉండు పరిస్తుతులకు చాలా దూరం ఉండు భావించు ఇది పూర్తిగా అసహజమైనది ఇది ఒక స్వీయం నిర్వహణగల మహిళ యొక్క మొత్తం జీవితం వక్రీకృత పితృస్వామ్య సమాజం యొక్క సహాయం దుఃఖం యొక్క క్షీణత రంధ్రం లోకి లాగబడింది క్షమించు ప్రస్తుతం ఇది ఒక కప్పు టీ లాంటి కాదు , 0  
ఆరు కె నారాయణ యెుక్క ఇతర నవలలలా కాకుండా ఈ నవల వివిధం విషయాలపై సంచరిస్తుంది దాని కారణం దారి తప్పు బోర్ వైపు సాగిందిఏమైనప్పటికి నేను 180 పేజీ నవల తీసుకో సమయం కంటే ఎక్కువ సమయం తీసుకో పూర్తిచేసాను సంక్షిప్తం మీరు ఆరు కె నారాయణ అభిమాని అయితే కధ లో తాను అది పాండిత్యం ఆశించితే మీరు నిరాశ చెందు నేను అమెజాన్ కిండెల్ నుండి ఈ పుస్తకం చదువు కానీ డబ్బు తగ్గ విలువైన పుస్తకం లేదు , 0  
ఎడారి వ్యాపారి కథనం జగన్ మరియు అతను ప్రత్యేకించు ఎంచు యువకుడు మాలు తూర్పు సంస్కృతి మరియు పాశ్చాత్య సంస్కృతి మధ్య వివాదం వివరిస్తుందిదక్షిణ భారతదేశం ఉండు మాల్గుడి పట్టణంకి చెందు జగన్ సాంప్రదాయం కట్టుబడేవాడు మరియు తాను కుమారుడు ప్రస్తుతం ఆలోచన మరియు ప్రపంచీకరణను అన్వేషించటంలో ఉత్సాహవంతుడు అందువల్ల తండ్రి మరియు కొడుకు మధ్య సంబంధం దెబ్బతిను అవకాశం ఉండు మరియు ఉండవుఈ ఇతివృత్తం వివాహం యొక్క విశిష్టత మరియు మాల్గుడి గ్రామస్తుల మతపరమైన ఆంక్ష గురించి ప్రత్యేకించు జగన్ గురించి పరీక్షించిందిఇది ఒక ఆరు కె నారాయణ మంచి సాధారణం పుస్తకం ఈ 14 ఏళ్ళ వయస్సు నేను కొంత వరకు ఆనందించు , 0  
మిఠాయి అమ్ము కథ జగన్ మరియు అతను కుమారుడు మాలు తూర్పు సంస్కృతి మరియు పాశ్చాత్య సంస్కృతి మధ్య వివాదం వివరించు దక్షిణం భారతదేశం ఉండు మాల్గుడి పట్టణంకి చెందు జగన్ సాంప్రదాయం కట్టుబడు ఉండగ కుమారుడు ప్రస్తుతం ఆలోచన మరియు ప్రపంచీకరణను అన్వేషించటంలో ఉత్సాహవంతుడుతత్ఫలితంగా తండ్రి మరియు బిడ్డ మధ్య సంబంధం బలహీనపడతాయి మరియు దాదాపుగా ఉండు ఈ ఇతివృత్తం వివాహం యొక్క విశిష్టత మరియు మాల్గుడి గ్రామస్తుల మతపరమైన ఆంక్ష గురించి ప్రత్యేకించు జగన్ గురించి పరీక్షించింది ఏ సందర్భం అయినా నేను తిరుగు చదువేంతగా లేదు నేను ఒకవేళ ఒక పుస్తకం చదవాలంటేచాలా మటుకు ఇది కాదు , 0  
హలో ఫ్రెండ్స్ నేను గత నెల జెరోం కె జెరోమ్ రాయి ఒక మంచి పుస్తకం " త్రి మెన్ ఇన్ ఎ బోట్ " చదువు ఈ పుస్తకం ప్రపంచం చాలా ప్రజాదరణ పొందు మరియు నేను చదువు అత్యంత అద్భుతమైన పుస్తకం ఒకటిమీరు చదువు ప్రారంభించు తర్వాత కింద పెట్టలేరు నేను పుస్తకం చదువు అభిమానించు నేను చదువు నిద్రపో ఇష్టపడు ఈ పుస్తకం ప్రతి పేజీ ఆహ్లాదకరం ఉండు దాని చివర అమరిక బాలేదు కొన్ని కోణం భయంకరం ఉండు ఈ పుస్తకం కథ సమర్థనీయంగా ఉండు కాని కొన్ని విషయం అర్ధం కాలేదు కొన్ని పేరాలు నేను అర్ధంచేసుకున్నాను , 0  
ఈ సర్వేని ఎలా ప్రారంభించు నేను తెలియట్లేదు చాలా మంది పాఠక రసికత పోగొట్టకూడదని కుంటున్నానుపఠనం అను ప్రయత్నం కాదు ఇది ముఖ్యమైనది కాంతివంతం కానీ కొంతకాలం తరువాత అయిపోతుందిఈ పుస్తకం థేమ్స్ సందర్శన మండ యొక్క చరిత్ర మరియు భూగోళశాస్త్రం వర్ణన కూడియున్నట్లు అనిపిస్తుందిథేమ్స్ జే జార్జ్ మరియు హారిస్ లలి మూడు సహచరలతో వాటర్ క్రాఫ్ట్ల్ ఎక్కు మనము రెండు వారం పాటు ఎక్కడికో వెళ్లిపోతాముప్రతి సెగ్మెంట్లో ఒక పిరియడ్ కన్నా ఎక్కువ విహారయాత్ర సమయం ఉండు సన్యాసి లేదా వారు సహచరుడు సంభవించు విభిన్న కథ నిజం వివరించు రచయత మేల్కొనేవాడు , 0  
ఈ సర్వేని ఎలా ప్రారంభించు నేను తెలియట్లేదు చాలా మంది పాఠక రసికత పోగొట్టకూడదని కుంటున్నానుపఠనం అను పరిక్షించేది కాదు ఇది ప్రాధమికమైనది కాంతివంతం కానీ కొంతకాలం తరువాత అయిపోతుందిఈ పుస్తకం థేమ్స్ సందర్శన మండ యొక్క చరిత్ర మరియు స్థలాకృతి వర్ణన కూడియున్నట్లు అనిపిస్తుందిథేమ్స్ జే జార్జ్ మరియు హారిస్ లలి మూడు సహచరలతో వాటర్ క్రాఫ్ట్ల్ ఎక్కు మనము రెండు వారం పాటు ఎక్కడికో వెళ్లిపోతాముప్రతి సెగ్మెంట్లో ఒక పిరియడ్ కన్నా ఎక్కువ విహారయాత్ర సమయం ఉందినాయకులు లేదా వారు సహచరుడు సంభవించు విభిన్న కథ నిజం వివరించు రచయత మేల్కొనేవాడువినోదభరితమైన ఇంగ్లీష్ మరియు హాస్యభరితమైన పరిస్థితి చాలా విలువైనవిగా భావించు ఖచ్చితం ' ocean pooches ' కాదుఇది గొప్ప పుస్తకం ఏ కోరిక లేకుండు ఉంటేచివరగా ప్రారంభం దశ ఉత్సాహం ఉండు కాని తర్వాత మీరు వర్ణించు ప్రదేశం సందర్శించాలనిపించవచ్చు , 0  
ఈ పుస్తకం అంత చాలా కథ నిండు ఉండు వాటిలో ముఖ్యంగా ఆసక్తికరమైనవి ఏది లేవు మరియు వాటిలో కొన్ని పూర్తిగా క్లిష్టమైనవి , 0  
నేను ఈ పుస్తకం గత ఏడాది చదువు మరియు నేను సంతృప్తి చెందు సాధారణం కథ అయునప్పటికీ తగు పాత్ర ప్రతి వాక్యం కంపోజింగ్ చాలా అందం ఉందిమధ్యలో 10 భాగం మార్చు ఒక యుద్ధం కనిపించు మరియు మార్చు భయపెట్టు ఇంకా భాషాపరమైన మిక్స్ - అప్స్ సహించకూడినవి ఇంకా స్పెల్లింగ్ తప్పు చాలా ఉండు దానిని సమర్థించలేమువిపరీతమైన మార్పు చేసినపుడు తప్పలు పెరుగు సహజమేకంపోజిషన్ యొక్క వివరం ఉన్నప్పుడు ఈ పుస్తకం సున్నితమైన సెంటర్ ఫిక్సేషన్ నవల కంటే కొంచెం ఎక్కువ మరియు ఒకదానికొకటి సంబంధం లేని పాత్ర సమూహం ఇది నిజమైన కథ కూర్చినట్లు అనిపించు ఈ కథ నమ్మదగినది లేదునేను నిజంగా ఒక పరిచారకుడు లేదా స్పెషలిస్ట్గ్ గా పని చెయ్యి ఏ వ్యక్తి అయినా ఆవిధం ఊహించు మరియు ఈ పరిణామం నేపథ్యం వారు భావన పరిగణన తీసుకో గౌరవవిస్తాను , 0  
హలో ఫ్రెండ్స్ ఈ కథ 1947 లో నార్త్ వెస్ట్ ఇండియా ఒక చిన్న గ్రామం భారతదేశం భారతదేశం మరియు పాకిస్తాన్ లా విభజించు సమయం నిర్మించు ఈ గ్రామం సిక్ మరియు ముస్లిం నివాసులతో పాకిస్తాన్ సరిహద్దు ఉండు రెండు జాతి సమూహం శతాబ్దం గ్రామం కలువు జీవించు కానీ వారు చుట్టు ఉండు ప్రపంచం సంఘటన బలవంతంగా వేరు చేయాలనుకుంటున్నాయి పుస్తకం చిన్న ఉండు ఈ పుస్తకం కథ ఎక్కువ సంఘటన గురించి చెప్పు ఉండు కథ స్పష్టమైన ప్రారంభం లేదా ముగింపు లేదు నేను ఈ పుస్తకం నిరాశ గురవ్వు దీనితో మీరు సమయం వృథా చెయ్యి , 0  
నేను త్వరగా ఈ పుస్తకం చదువు నేను చాలా కోరిక ఉండు నేను ఆ కాలం వ్యక్తుడు భావం మరియు వ్యక్తుడు సంఘర్షణ గురించి చదువు ద్వారా ఒక క్లిష్టమైన అంచనా వేయగలదని ఆశించు ఏదైనా సందర్భం ఇది " వర్డ్ " కథ అవ్వు నిర్మాత ఒక ఉద్వేగపూరిత స్పందన తెప్పించు ఇది నేను మొదట Mr సింగ్ పుస్తకం విషయం వచ్చు ఈ రచయిత వ్రాయి మరో పుస్తకం పరిశీలించు నేను ఉండు అవకాశం పక్కన పెట్టు నేను తాను శైలిని తక్కువ చెయ్యి చూడు అతను నిజంగా ఇంగ్లీష్ లోకి వేర్వేరు హిందీ / పంజాబీ పదం వాడాడు ఇది పరిశీలించు చాలా కష్టం ఉండు నేను ఆలోచించు అవసరం ఉండు అతను కొన్ని అర్ధంలేని పాత్ర నిర్మించు ఘనుడు రెండు లేదా మూడు పరిస్థితి మరియు పాత్ర అధిక మొత్తం ఆకర్షించు విధం ఉండు ఇది కథ వివిధం సంఘటన నుండి నేను ఆక్రమించు " ప్లాన్ టు పాకిస్తాన్ " అసలు కథ కాని పుస్తకం యొక్క టైటిల్ వక్రీకరించబడింది , 0  
ఇది ఒక " ఎపిసోడిక్ " కథ తయారీదారు ఇల్లు హిట్ చెయ్యి ఏది చెయ్యి ఇది నేను మొదట Mr సింగ్ పుస్తకం విషయం వచ్చు ఈ రచయిత వ్రాయి మరో పుస్తకం పరిశీలించు నేను ఉండు అవకాశం పక్కన పెట్టు నేను తాను శైలిని తక్కువ చెయ్యి ఆలోచించలేకపోయాను అతను నిజంగా ఇంగ్లీష్ లోకి వేర్వేరు హిందీ / పంజాబీ పదం వాడాడు ఇది పరిశీలించు చాలా కష్టం ఉండు అతను కొన్ని అర్ధంలేని పాత్ర నిర్మించు ఘనుడు రెండు లేదా మూడు పరిస్థితి మరియు పాత్ర అధిక మొత్తం ఆకర్షించు విధం ఉండు ఇది వివిధం సందర్భం కథ నుండి నేను మళ్లించు " పాకిస్తాన్ కి సిద్దంకండి " అసలు కథ కాని కధ టైటిల్ సరిపడినట్లు లేదు ముగింపు అటు ఇటు కాకుండా ఉండు ఇది ఒక వ్యక్తి యొక్క వినూత్నం సామర్థ్యం ఇది నేను హృదయం స్థానం ఆక్రమించు ఆ అమాయకం శైలి కొన్నిసార్లు నరాలపై పనిచేసినపుడు వైవిధ్య మానవుడు సంస్కృతి యొక్క దుర్బలత్వం గురించి సందేశం అందించినట్లు కనుగొను ------------------------------ 54 నేను వేగం ఈ పుస్తకం చదువు నేను చాలా కోరిక ఉండు నేను ఆ కాలం వ్యక్తుడు భావం మరియు సంఘర్షణ గురించి చదువు ద్వారా ఒక క్లిష్టమైన అంచనా వేయగలదని ఆశించు ఏదైనా సందర్భం ఇది " వర్డ్ " కథ అవ్వు నిర్మాత ఒక ఉద్వేగపూరిత స్పందన తెప్పించు ఇది నేను మొదట Mr సింగ్ పుస్తకం విషయం వచ్చు ఈ రచయిత వ్రాయి మరో పుస్తకం పరిశీలించు నేను ఉండు అవకాశం పక్కన పెట్టు నేను తాను శైలిని తక్కువ చెయ్యి చూడు అతను నిజంగా ఇంగ్లీష్ లోకి వేర్వేరు హిందీ / పంజాబీ పదం వాడాడు ఇది పరిశీలించు చాలా కష్టం ఉండు నేను ఆలోచించు అవసరం ఉండు అతను కొన్ని అర్ధంలేని పాత్ర నిర్మించు ఘనుడు రెండు లేదా మూడు పరిస్థితి మరియు పాత్ర అధిక మొత్తం ఆకర్షించు విధం ఉండు ఇది కథ వివిధం సంఘటన నుండి నేను ఆక్రమించు " ప్లాన్ టు పాకిస్తాన్ " అసలు కథ కాని పుస్తకం యొక్క టైటిల్ వక్రీకరించబడింది , 0  
నేను వేగం ఈ పుస్తకం చదువు నేను చాలా కోరిక ఉండు నేను ఆ కాలం వ్యక్తుడు భావం మరియు సంఘర్షణ గురించి చదువు ద్వారా ఒక క్లిష్టమైన అంచనా వేయగలదని ఆశించు ఏదైనా సందర్భం ఇది " వర్డ్ " కథ అవ్వు నిర్మాత ఒక ఉద్వేగపూరిత స్పందన తెప్పించు ఇది నేను మొదట Mr సింగ్ పుస్తకం విషయం వచ్చు ఈ రచయిత వ్రాయి మరో పుస్తకం పరిశీలించు నేను ఉండు అవకాశం ఈ పుస్తకం పక్కన పెట్టు నేను తాను శైలిని తక్కువ చెయ్యి చూడు అతను నిజంగా ఇంగ్లీష్ లోకి వేర్వేరు హిందీ / పంజాబీ పదం వాడాడు ఇది పరిశీలించు చాలా కష్టం ఉండు నేను ఆలోచించు అవసరం ఉండు అతను కొన్ని అర్ధంలేని పాత్ర నిర్మించు చాలా దృఢమైనవాడు కొన్ని పరిస్థితి మరియు పాత్ర అధిక మొత్తం ఆకర్షించు విధం ఉండు అనేక సంఘటన కథ నుండి నేను దారి మళ్ళించాయి " పాకిస్తాన్ కు సిద్దంకండి " అను కథ సారాంశం కాని పుస్తకం యొక్క టైటిల్ అనూహ్యం అతిశయోక్తి ఉండు ముగింపు నిరాశపరిచింది మరోవైపు ఇది ఒక వ్యక్తి యొక్క సృజనాత్మకం సామర్ధ్యం ఇది నేను హృదయం చోటు ఆక్రమించు ఆ అమాయక శైలి కొన్నిసార్లు నరం బిగపట్టుకునేలా ఉండు ఈ పుస్తకం చదువు వల్ల నాయకత్వం బాధ్యత వైవిధ్య మానవుడు సంస్కృతి యొక్క దుర్బలత్వం గురించి సందేశం అందించినట్లు కనుగొను , 0  
ఈ పుస్తకం కులం వ్యవస్థ గురించి ప్రత్యేకించు భారతీయ కులం వ్యవస్థ నేను జాగ్రత్త ఈ పుస్తకం చదువు కొన్ని తప్పు ఉన్నాయిఅన్ని కులం వ్యవస్థ ఒకలా ఉండు రచయిత ఇతర విషయం చూపించు కులం వ్యవస్థ ఇష్టపడు అది తప్పు రచయిత కులం వ్యవస్థ గురించిన ప్రతి విషయం చూపించు కొన్ని పదం తప్పు ఉండు నేను చదువు నేను ఇది ఇష్ట లేదు , 0  
కస్టమర్ బుక్ భాగస్వామి మరియు ఇతర విశ్వసనీయం అనుచర ఈ పుస్తకం గురించి తాము సమయం లేదా డబ్బు దుర్వినియోగం చేయకోకండి ఈ పుస్తకం రేటింగ్ మనం తప్పుదారి పట్టించు నేను ఈ పుస్తకం చదువు మూర్ఖత్వం అతిశయముగా ఉండు జీవితం ప్రాథమికం సత్యం వృధ్ది కూడా వర్ణించు ప్రాధమిక జ్ఞానం మరియు శైలి తో చాలా సులువు వ్రాయి రోజు జీవితం కొంచెం జ్ఞానం కోరుకు వ్యక్తుడు అద్భుతం ఉండు వారు ఆలోచనమకు అనువుగా మంచితనం అందించు విధం ఉండు సంక్లిష్టం నిజం కోసం వెదుకు అనుచర కోసం కాదు కొన్నిచోట్ల అర్ధం కాలేదు సింపుల్సిటి ముసుగు నిజం దాచు వెయ్యి కథ అంత బాగా రాయబడ లేదు మరియు రచయిత పూర్తి ఆమె అటువంటి పని ప్రచురించబడడం ఆశ్చర్యం ఉండు , 0  
పుస్తకం ప్రేమికుడు మరియు క్రమం తప్ప పాఠక ఈ పుస్తకంల గురించి తాము సమయం డబ్బు వృథా చేయకోకండిమరొక సమీక్షకుడు చెప్పు ఈ పుస్తకం ప్రచురించు ఎందుకంటే సుధ ముర్తి నారాయణ మూర్తి భార్య అవ్వు వల్లని పూర్తిగా అంగీకరిస్తున్నానుకథలు పేలవం ఉండు మరియు రచయిత పూర్తి ఆమె అటువంటి పని ప్రచురించబడడం ఆశ్చర్యకరంకాబట్టి ఈ పుస్తకం ఎంచు బహుశా మంచి ఆలోచన కాదు , 0  
స్టాండర్డ్ పుస్తకం పుస్తకం ప్రేమికుడు మరియు క్రమం తప్ప పాఠక ఈ పుస్తకంల గురించి తాము సమయం డబ్బు వృథా చెయ్యి ఈ పుస్తకం ఉండు రేటింగ్ మాత్రం మోసగిస్తుంది నేను ఈ పుస్తకం చదువు మూర్ఖత్వం అతిశయముగా ఉండు జీవితం ప్రాథమికం సత్యం తో కూడు వర్ధల్లింది ప్రాధమిక జ్ఞానం మరియు శైలి తో చాలా సులువు వ్రాయి రోజు జీవితం కొంచెం జ్ఞానం కోరుకు వ్యక్తుడు అద్భుతం ఉండు వారు ఆలోచనమకు అనువుగా మంచితనం అందించు విధం ఉండు సంక్లిష్టం నిజం కోసం వెదుకు అనుచర కోసం కాదు కొన్నిచోట్ల అర్ధం కాలేదు సింపుల్సిటి ముసుగు నిజం దాచు వెయ్యి కథ అంత బాగా రాయబడ లేదు మరియు అటువంటి పని ప్రచురించబడడం ఆశ్చర్యం ఉండు , 0  
61 రెగ్యులర్ పుస్తకం ప్రేమికుడు మరియు క్రమం తప్ప పాఠక ఈ పుస్తకంల గురించి తాము సమయం డబ్బు విచ్చలవిడిగా ఖర్చు చెయ్యి ఈ పుస్తకం ఉండు రేటింగ్ మాత్రం తప్పుదోవ పట్టించు నేను ఈ పుస్తకం చదువు మూర్ఖత్వం అతిశయముగా ఉండు జీవితం ప్రాథమికం సత్యం తో కూడు వర్ధల్లింది ప్రత్యేకం భాషా శైలి తో చదువు చాలా అద్బుతంగా ఉింది రోజు జీవితం కొంచెం జ్ఞానం కోరుకు వ్యక్తుడు అద్భుతం ఉండు వారు ఆలోచన అనువుగా మంచితనం గురించి వెతుకు వారు కోసం అనువుగా వ్రాయి సంక్లిష్టం నిజం కోసం వెదుకు అనుచర కోసం కాదు కొన్నిచోట్ల అర్ధం కాలేదు సింపుల్సిటి ముసుగు అన్ని దాచు వెయ్యి కథ అంత బాగా రాయబడ లేదు మరియు అటువంటి పని ప్రచురించబడడం ఆశ్చర్యం ఉండు , 0  
ఈ పుస్తకం పొందు అను ఒక స్మార్ట్ ఆలోచన కాదు నేను ఏడు గంట ప్రయాణం కోసం బస్సు వెళ్లు మరియు యాత్ర మధ్య నేను ఉండు ఒక పుస్తకం అవసరం ఇది ఒక మంచి పఠనం అవ్వు నేను స్టోర్ వద్ద ఈ పుస్తకం కొనుగోలు చెయ్యి మరియు బస్సు గందరగోళం సందడి నుండి దూరంరా ఉంచుతుందనుకున్నాను ఇది ఆ పరం పనిచెయ్యి అదనం నేను బాగా అలసిపోయేలా చేసిందినిజ జీవితం దగ్గరగా ఉండు అయితే ప్రాథమికం చెప్పబడు ప్రకాశవంతం ఉండు కాని నిజంగా ఎంతో కాలం నేను ఉత్సాహం ఉంచు పోయిందిఈ కథ నిస్తేజం మరియు మూర్ఖ కనిపిస్తాయిబహుశా నేను రెండు సార్ చదవడ కుండ ఉండవలసిందిఏమైనప్పటికి ప్రాధమిక ఆందోళనేమిటంటే చదువు అంత మంచి వినోదాత్మక పుస్తకం కాదు , 0  
నేను ఈ పుస్తకం ఇష్ట లేదు శివం కేరా స్వయం సహాయకుడు పుస్తకం రాయి ప్రసిద్ధం రచయిత మరియు కార్యకర్త పని చెయ్యి మాత్రమే విజయం సాధిస్తావు పని చెయ్యి చాలా ముఖ్యమైనది కానీ అతను అనేక అద్భుతమైన పుస్తకం రాయి కష్టపడు అను దేనినైనా సాధించు చాలా ముఖ్య కానీ అతను అనేక అద్భుతమైన పుస్తకం రాయి కానీ ఈ పుస్తకం బాలేదు నేను ఈ పుస్తకం నచ్చు , 0  
హలో ఫ్రెండ్ ఈ పుస్తకం తో చాలా నిరాశ చెందు ముందస్తు చదువు తరువాత మీరు దాని ఆలోచన ముగించు ఆలోచన ఉంటుందిమెుదటి భాగం చదువు తరువాత ముగింపు మీరు తెలియు పో నేను రవీందర్ సింగ్ మొదట పుస్తకం చదువు నిజాయితీ చెప్పాలంటేనేను చాలా ఇష్టపడు మీరు మొట్టమొదట పుస్తకం విషాదకరమైన ముగియు వలన అన్ని పుస్తకం విషాదకరమైన ముగింపు కలుగు ఉండక్కర్లేదు చిన్న అనాటమీ ప్రేమ కథ అనాలోచితం ఉండు మరియు సామాజికం రాజకీయ సమస్య చెప్పు వివాదాస్పదంగా ఉందినేను ఈ పుస్తకం ఇష్టపడడానికి ప్రయత్నించు కాని నేను చెయ్యి , 0  
స్పష్టమైన ముగింపుతో ఉండు మాముాలు కథ పాత్ర సృజనాత్మత లేని సగటు భారతీయ కౌమార్లు రాయి ఉత్సాహరహితంగా ఉండు మరియు ప్రతి చాలా సాగదీయబడింది ! మెుదలు మరియు ముగింపు బ్లాండ్ గా ఉన్నాయిసస్పెన్స్ బిల్డ్ చెయ్యి కూడా అంత బాలేదు ! రవీందర్ సింగ్ చెత్త నవల ఇది ఒకటికంటెంట్ : విలువలేవి కధ : సాధారణం కధ : పేలవం పాత్ర చిత్రీకరణ : సగటు తీర్పు : ఇది చదవవద్దు ! , 0  
రవీందర్ సింగ్ లాంటి రచయిత నుండి ఈ రకమైన నవల మరియు కథ ఊహించు కథ యొక్క వివరణ చెప్పుకునేంతగా లేదు మరియు పుస్తకం ముద్రణ నాణ్యత బాలేదు ఈ కథ ఢిల్లీ యూనివర్సిటీ చేరాలనుకునే ఒక అమ్మాయి గురించి అర్జున్ అనే అబ్బాయినికలుసుకుంటుంది ఎన్నిక విజయం సాధించు సహాయపడుతుందిరిజర్వేషన్ల వ్యవస్థ తొలగించు అర్జున్ యొక్క లక్ష్యంఅర్జున్కు సహాయం చెయ్యి అమ్మాయి రుపాలి మహాజన్కి వ్యతిరేకం నిలుస్తుందికథ ముగింపు ఆకస్మికమైనది మరియు రచయిత తెలియలనుకున్న సందేశం స్పష్టంగా లేదు , 0  
టైటిల్ తాను నిర్ణయం కాదను అతను నిర్ధారణ సృష్టికర్త ఒప్పుకో నిస్సందేహంగా కథ లైన్ తో ఏమీ చెయ్యి ప్రోమెటింగ్ ట్రాప్ మాత్రమేఒక్క క్షణం కథ ఏదైతే శీర్షిక లేదా వెనుక కవర్ మీద పాత్ర సమన్వయంగా ఉండు దానిని నేను తెలుసుకో ప్రయత్నం చెయ్యి పుస్తకం ప్రాథమికం శృంగారం కథ ప్రారంభమవ్వు కల గల యువ మహిళ పాఠశాల పునాది సరిగా లేని అమ్మాయి కొన్ని మంచి చెడులు ఉండు కాని అకస్మాత్తుగా అన్ని మారు ముగింపు చాలా ఉద్వేగభరితంగా ఉండు మరియు ఢిల్లీ జరుగు దాడి కళ్ళకు కట్టు చిత్రీకరించు మనం లేక మనం దగ్గర వారు జరగవచ్చని చూపించు ఎవరు అలాంటి విధి కలుగు కథ వెళ్లు పుస్తకం ఉద్దేశం అనూహ్యం ఘనం ఉండు కాని ప్రతి నాటకీయ ఉండు నేను భావించు పుస్తకం ప్రత్యేకం ఎపిసోడ్కు కట్టుబడు ఉండు సందర్భం పుస్తకం ఎక్కువ స్థానం లేదు ఇది ఒక భయంకరం విధానంరవీందర్ సింగ్ ఈ పుస్తకం మాత్రం నేను ఒక అద్భుతం , 0  
పూర్తి నిజాయితీ మాట్లాడాంటే నేను రవీందర్ సింగ్ యొక్క కొన్ని పుస్తకం చదువు నేను అతను మొదట పుస్తకం గణనీయమైన ప్రమాణం ఎంచు నేను మొదట ఇవ్వు నాణ్యత కోసం రవీందర్ ని పెట్టు మరియు నేను ఈ సమయం అడ్డుపడినవాడినిరవీందర్ని అతను మొదట ఇవ్వు నాణ్యత చూడు ఉండు మరియు నేను ఈ సారి అడ్డుపడుతున్నానుస్వల్పంగా నేను నిజంగా ప్రేమ మరియు అనుభూతి కలిగించు ఒక తీపి శృంగారం కథ అతను నుండి ఎదురు చూస్తున్నానుఏ సందర్భంలోనైనా ప్రస్తుతం ఇది వైఫల్యం చెందు నేను మీరు తెలియజేయాల్సిందే కవర్ మనం పక్క దారి పట్టిస్తుందిఆమె పాఠశాల డ్రీమ్స్ తర్వాత ఢిల్లీ ఢిల్లీ వచ్చు రుపాలి పాఠశాల తరువాత కల నెరవేర్చుకోవడానికిఉన్క్ ఢిల్లీ వస్తుందిఆమె ఢిల్లీ యూనివర్సిటీ చేరు ఇది ఢిల్లీ ఉన్నత పాఠశాల కానీ అన్నీ అనుకో జరగవురుపాలి ఆమె మొబైల్లో మొత్తం సన్నివేశం రికార్డ్ చెయ్యి ఆమె సహచరుడు సహాయం యు ట్యూబ్ లో దాన్ని పెడతారుకొద్ది సెకన్లలో వార్త నిప్పులా వ్యాప్తి చెందు ఇంకేంటి మనము ప్రొఫెసర్ యొక్క గమ్యం గుర్తించవచ్చుగురువు తాను చర్య కోసం బార్ ఉంచారుఅతను ప్రతీకారం కోసం ఎదురు చూస్తున్నాడుబాగా రచయిత నిర్భాయయ ఎపిసోడ్ను ఇక్కడ ఉపయోగించుకున్నాడుమీరు అన్ని భాగం ఎవరు పోషించారనే దాని గురించి మీరు ఆలోచించగలరుఈ పుస్తకం ముందుమాటను నేను నిజంగా అసహ్యించుకుంటున్నానుఈ ఉపోద్ఘాతం నేను దుర్భరమైన అనుభూతి కలిగించిందిపుస్తకంలోని సుందరమైన మరియు ఉత్తేజకరమైన భాగం అభినందించు అవకాశం నేను ఇది ఇవ్వు , 0  
గత నెల నేను రవీందర్ సింగ్ రాయి " యువర్ డ్రీమ్స్ ఆరు మైన్ " చాలా మంచి పుస్తకం చదువు చాలామంది ఈ పుస్తకం చదువు ఇష్టపడు కాని చదువు బాలేదు ఎందుకంటే దాని భాష నేను కష్టం ఉండు మరియు కొన్ని పాయింట్ అర్థం చేసుకోవడానికి స్పష్టంగా లేవు ఈ పుస్తకం చిత్రం ఆకర్షణీయమైనది కాదు మరియు దాని పేజీ నాణ్యత బాలేదు నేను పుస్తకం చదువు మరియు అనేక పుస్తకం కూడా చదువు నేను ఈ పుస్తకం సుమారు 2 నెల పాటు చదువు ఈ కథ చాలా బాగుండు మరియు మేము జీవితం కోసం అనేక సానుకూలం ఇవ్వు పుస్తకం శీర్షిక చాలా బాగుండు ఈ పుస్తకం కధ బాన ఉండు కానీ దాని ముగింపు అర్థమవ్వు లేదు మరియు ముందు ముఖచిత్రం చాలా సాధారణం మరియు అర్థరహితం ఉండు , 0  
హలో ఫ్రెండ్స్ గత నెల నేను రవీందర్ సింగ్ రాయి " యువర్ డ్రీమ్స్ ఆరు మైన్ " చాలా మంచి పుస్తకం చదువు చాలామంది ఈ పుస్తకం చదువు ఇష్టపడు కాని చదువు బాలేదు ఎందుకంటే దాని భాష నేను కష్టం ఉండు మరియు కొన్ని పాయింట్ అర్థం చేసుకోవడానికి స్పష్టంగా లేవు ఈ పుస్తకం చిత్రం ఆకర్షణీయమైనది కాదు మరియు దాని పేజీ నాణ్యత బాలేదు నేను పుస్తకం చదువు మరియు అనేక పుస్తకం కూడా చదువు నేను ఈ పుస్తకం సుమారు 2 నెల పాటు చదువు ఈ కథ చాలా బాగుండు మరియు మేము జీవితం కోసం అనేక సానుకూలం ఇవ్వు పుస్తకం శీర్షిక చాలా బాగుండు ధన్యవాదం , 0  
ఈ పుస్తకం తీసుకో నేను స్నేహిత చేత పట్టుబడ్డబడ్డాను ఒకసారి చదువు బెస్ట్ సెల్లర్ రచయిత మిస్టర్ సింగ్ ఒకరవడంవల్ల ఒక బాధ్యత ఉండు దానిని అతను ఈ పుస్తకం లో పూర్తి చెయ్యి అతను హిందీ లేదా ఆంగ్ల వ్రాయి ప్రయత్నిస్తున్నాడేమో అనే దాని గురించి నేను గందరగోళం పడు చాలా హిందీ సంభాషణ తీసుకో వల్ల ఆంగ్ల పుస్తకం డౌన్ అయిపో రెండవ భూతకాలంలో ఒక కధ చెప్పినట్లయితే ' ధట్ ' అనే పదం మళ్ళీ మళ్ళీ ఉపయోగించు బదులుగా అంత వివరించు అనేక మంచి మార్గం ఉండు కూడా మళ్ళీ మరియు మళ్ళీ మళ్ళీ ఉపయోగించు నేను మునుపు వాక్యంలాగ దాని మనోజ్ఞతను అందం దూరం చేస్తుందిమూడవది ఒక విషయం కథనం ద్వారా తెలియజేయబడితే మరియు సంభాషణ ద్వారా మళ్ళీ చెప్పబడితే మళ్ళీ మళ్ళీ మళ్ళీ పుస్తకం చిరాకు తెప్పించు ఇది చదవాల్సిన పుస్తకం కాదు చాలా కోపం తెప్పించేది ! , 0  
78 " నేను ప్రియమైన జీవితం నీవు శాశ్వతం నేను కాదను నేను తెలుసు ; కానీ ఈ క్షణం అయినా కూడా నేను ప్రేమించు అటుతరువాత నీవు నేను పడవేసిన అరణ్యములోకి నేను వెళ్ళిపోతాను నేను మళ్ళీ ఎవ్వరు ఏది అడగు నేను చనిపో వరకు ఉండు ఏమైనా నేను ఇవ్వు " రవీంద్రనాథ్ టాగోర్ ఈ నవల పెద్దలు సంబంధం భావోద్వేగాల క్లిష్టత మనం మనస్సు సంబంధించు అన్నింటిపై ఆధారపడు ఉండు నేను ఈ నవల ఎందుకు తెలియు అంత నచ్చు దీనిలోని అన్ని పూర్తి సంఘటన సరసమైనవి కావు అని మీరు కనుగొను కొంతమంది అమాయక అమాయకతను ఎలా చంపగలరు నేను ఠాగూర్ యొక్క చాలా నవల చదువు కానీ ' కొఖర్ బాలి ' నేను పూర్తి గందరగోళం ఉండు , 0  
నేను కొన్ని రోజు ముందు ఈ పుస్తకం చదువు ఒక పెళ్లవ్వు వ్యక్తి హరీష్ వెనకాల పడు అమ్మాయి విర్మాటి గురించిన కథకాబట్టి దాంతో ఆమె విద్య విషయం గందరగోళం పడ్డాియి ఆమె అమృత్సర్లో ఒక మధ్యతరగతి కుటుంబం చెందిందిశాంతియుత సాధారణం ఉద్యమం వ్యక్తుడు చేరు గాంధీ అభ్యర్థిస్తున్న కాలం అది మరియు స్త్రీ అనేక కొత్త మార్గం చేర్చబడ్డారు మరియు ఆకర్షించడ్డారు అంతేకాకుండా మహిళ సంప్రదాయం భాగం అప్పటికి ప్రామాణికమైనవిదీనిలో కొన్ని మంచి విషయం కూడా ఉండు అది విభజన గురించి నేను కొంత కదిలిచిందిఇది రాజకీయ మరియు వ్యక్తిగతం జీవితం విలీనం చెయ్యి ఒక శైలి అయితే ఈ నవల వ్యాపారం గురించి జాగ్రత్త తీసుకో శృంగారం గురించి వర్ణించేప్పుడు ఈ నవల వ్యాపారం గురించి జాగ్రత్త తీసుకో మరియు కుటుంబం లో భర్త యొక్క విధి నిర్వహించు కూడా చిరస్మరణీయం అంశం ' నియమం చాలా ఉండు భావించు అయితే ఆ రోజుల్లో మహిళ కార్యకర్త అభివృద్ధి గురించి తెలుసుకో చాలా ఆసక్తికరం ఉండు , 0  
ఎవ్రిబడి హెజ్ ఎ స్టోరీ కథ యొక్క శీర్షిక నేను ఆనందించు చెయ్యి మరియు అప్పుడు నేను పుస్తకం ఎంచు కొనుగోలు చెయ్యి మరియు ఇది ఒక ప్రధాన భ్రమలుగా కనుగొను 4 ప్రాధాన పాత్రలుకొన్ని నిజంగా పాడవ్వు బాలీవుడ్ కధలాగ రోజు కథ పొంగిపోయే భావం మరియు కుళ్ళు జోకు తలనొప్పి కలిగించాయిహీరో మీరా భావం వ్యక్తం చెయ్యి ప్రయత్నించు తీరు నేను పిచ్చివాడు లోలోపల నవ్వుకొనచేసిందిమరియు నేను మనస్సు ప్రతి రోజు ప్రక్షాళనను ప్రదర్శిస్తున్నట్లు నేను విశ్వసించాను మరియు ఇది నేను నిరోధకతకు దారితీసిందినన్ను నమ్ము నేను ఊహించు నేను మనస్సు ప్రతిరోజూ ఆ శుభ్రపరిచే వ్య క్తి తిరుగుతున్నాడుఈ పుస్తకం ప్రతిపక్షం పరిగణన తీసుకో రచయిత ఈ పుస్తకం పరిశీలించినపుడు వారు దీనిని ఒక అనర్హ పుస్తకం పరిగణించు బయటి కవర్ శీర్షిక సరిపడలేదు పాత్ర చిత్రీకరణ నిజంగా పేలవం ఉందిమరియు ఒక ఆదర్శ్ వాడి సహచరుడు భాగస్వామి మరియు సృష్టికర్త హీరో వివరించు విధం అతిశయోక్తి ఉండు నేను చెప్పచెప్పచపచ్చు పాఠక ఆకట్టుకునేట్లు అంత కన్నా ఏమి లేదు కొంతమంది చెడగొట్టేవాళ్ళతో పాత సెంటిమెంట్ పుస్తకం మిశ్రమం బుక్ షెల్ల్స్లో అందుబాటు ఉండు పుస్తకం , 0  
మనం భారతీయ ఆంగ్ల సాహిత్యం చరిత్ర " ఎవ్రివన్ హెజ్ ఎ స్టోరీ " అనే పుస్తకం బహుశా చాలా మంచి రేటింగ్ ఉండు పనిఇంకా మేము కాలం ప్రజలు సావి శర్మరచయితని అత్యంత ముఖ్యమైన వారు మరియు తరువాయి చీతా భగత్ గా పిలిచేవారుఅయినప్పటికీ ఆమె అంతకముందే వాడేసిన స్పందించు చెత్త స్పష్టంగా " యీ జవని హై దీవానీ " చిత్రం ద్వారా ప్రేరణ పొందు వ్రాసినదిఏమిటి మీరు నేను నమ్ము అమెజాన్ బెస్ట్ సెల్లర్ యొక్క NO 1 స్పాట్ లో ఉన్నదని మీరు అను ఇక్కడ మీరు స్వీయం చూడు : - ప్రాథమికం కథ : ఒక రచయిత కావాలని కోరుకు ఒక అమ్మాయి మీరా ప్రస్తుతం ఒక కధ కోసం చూడు ప్రపంచమంతా ప్రయాణం చేయాలనుకునే ఒక అబ్బాయిమరియు ఇద్దరు మిత్ర ఒకటి పెళ్లి చేసుకోబోతున్నారు సుపరిచితమైన సౌండ్ అమ్మాయి అబ్బాయి కలుసుకుంటుంది ఏ కారణం దేవుడు తెలుసు వారు ఒకరికొకరు ప్రేమ పడ్డారుకానీ బాలుడు భయపడు ప్రపంచం ప్రయాణించు పారిపో ఈ సమయం మీరావిఫల ప్రేమ తో ప్రేరణపొంది పుస్తకం రాయి నిర్ణయించుకుంటుందిచివరికి హీరో తిరుగు వచ్చు వారు పోట్లాడుకుంటారు మరియు మేము పర్సనాలిటి తక్కువ హీరోయిన్ ను కారు గుద్దేస్తుింది ఆమె కు జరగాల్సిందే చివర హీరో ఏడ్చు హాస్పిటల్ బెడ్ వద్ద క్షమాపణ చెప్పు మరియు తాను ప్రేమ ప్రమాణం చెయ్యి చెప్పు ఎండ్ హ్యాపీ ఎండ్ ! ఈ పుస్తకం ఒకే ధోరణి నేను చంపేసింది నిజంగా ప్రజలు & రచయిత తాము పుస్తకం రాయి పద్ధతి మార్చు లేదా మనం బాలీవుడ్ వంటి మరొక పరిశ్రమ ఉండు కాబట్టి దయచెయ్యి ఈ రకమైన పని మద్దతు ఇవ్వవద్దు " ఎవ్రివన్ హెజ్ ఎ స్టోరీ " అంతా చెత్త , 0  
భారతీయ రచయిత వ్రాయి విధానం ఎందుకు ఊహించదగినది అది పాత ఫార్ములా అది పాత ముగింపు భారతీయ రచయిత ఒక పరిధి దాటు ఆలోచించు సామర్ధ్యం లేదునేను అది రకమైన రచన వల్ల విసుగు చెందుతున్నాను ఎందుకు భారతీయ పాఠక రుచి చాలా చెడ్డ ఈ పుస్తకం సగటు పుస్తకం కొత్తగా ఏమిలేదు " వాడేసిన పాత వైన్ తో కొత్త సీసా " ఇది నేను చదువు అత్యంత ఏడ్పువచ్చే పుస్తకం అస్సలు అర్ధం లేదు కథ లేదు ఏ కథనం లేదు అస్సలు ఏమీ లేదు ఈ పుస్తకం ఎలా అంత విజయం సాధించు నేను అర్థం అవ్వట్లేదుస్టఫ్ ! ' కథ ' నేను కథ ' కథ ' అనే పదం పునరావృతమవుతాయి మరియు మీరు స్పష్టమైన కారణం లేకుండు చిరాకు పెట్టు నేను ఒక స్టార్ రేటింగ్ ఇవ్వు ఎందుకంటే నేను కూడా ఒక స్టార్ కూడా ఇవ్వు అనుకో లేదు ఇది అత్యధికం ఓవర్లేటెడ్ లిటరరీ పని చదువు చాలా నిరాశ చెందు , 0  
ఈ పుస్తకం చదువు తరువాత చెప్పు ఒక పదం మాత్రమే ఉండు అది అన్బిలీవబుల్ కాదు ఆమె రచన కాదు - అది చెత్తఏది అన్బిలీవబుల్ అంటే ఆమె పూర్ణ సంఖ్య 4 మరియు 5 స్టార్ పొందు మరియు ఆమె ఇప్పుడు ఒక ఉత్తమ విక్రేత అను వాస్తవంఓహ్ గాడ్ - ఎందుకు మరియు ఎలా ఇది ఆమె మొదట పుస్తకం నేను అర్థం చెయ్యి మరి ఇలాంటి అపరిపక్వతపుస్తకం యొక్క ప్లాట్లు మరియు ప్రవాహం నిరాశ పర్చింది ఖచ్చితం మధ్య కొన్ని మంచి సంభాషణ ఉండు కానీ వారు దానిని రీడబుల్ చెయ్యి కథ ముందుకు సాగు మరి దిగజారుతూ వచ్చు సావి శర్మ ఉపయోగించు వ్యూహం నేను తెలియు కానీ ఆమె చీర్స్ ! - ఆమె ఒక తెలివైన విక్రేత ఆమె పుస్తకం మరియు భయంకరమైన రచయిత ఇది భారతీయ భవిష్యత్ రచన అవ్వు మరియు ఇప్పుడు ప్రజలు ఇలా ఇష్టపడుతున్నారంటే ' హే భగవాన్ నేను తీసుకుపో ! ' , 0  
హలో ఫ్రెండ్స్ నేను అతను ప్రయత్నం అభినందించు కానీ నేను ఈ పుస్తకం నచ్చు ఇది జాతీయం ఉత్తమ విక్రేతగా ఎలా అవ్వు నేను తెలియు పేలవం ఆంగ్ల వల్ల కొన్నిసార్లు అతను నిజంగా ఏమి రాయి ప్రయత్నిస్తున్నాడో డైలాగ్స్ ఏమి తెలియు High girly stuffఈ పుస్తకం లో హీరోయిన్ అమ్మాయి నచ్చు నేను తెలుసు కానీ దాని కంటే ఎక్కువ అని అమ్మాయి చెప్పు ఎప్పుడైనా ఇది నేను కప్ప్ ఆఫ్ టీ కాదు ఒకసారి నేను దానిని పూర్తి చేసాకా కథ అంటే ఏంటో నేను కథ సవరించు వ్రాయి రచన ఘోరం ఉందిసంభాషణ పేలవం ఉండు మరియు వ్యాకరణం దాదాపుగా ఉనికి లేని కథ గురించి ఇంత కన్నా ఏమి చెప్పు నేను దాదాపు ఈ పుస్తకం పూర్తి చెయ్యి , 0  
హలో ఫోక్స్ నేను బిజేందర్ మరొక పుస్తకం సర్వేతో తిరుగు వచ్చు కాబట్టి ఈ ఆడిట్లో నేను నేను అనుభవం పంచుకో మరియు అదనం మీరు ఈ పుస్తకం కొనుగోలు గురించి మరియు చదవలా లేదా అనే నేను అంచనా చెప్పు నేను కొన్ని రోజులపాటు అనూహ్యం అలసిపోయినప్పుడు నేను ఈ పుస్తకం కొను మరియు నేను ఆకట్టుకో పుస్తకం చదివాలని అనుకో నేను ఈ పుస్తకం సంపాదించు మరియు ప్రతి అర్ధం లేకుండు అందు మరియు అంత ఆకట్టుకో విధం లేదు మరియు ఆశక్తికరంగాను లేదు అయినప్పటికి ఈ పుస్తకం చదువు మరియు కొన్ని మాముూలు తప్పు కూడా ఉండు కొన్ని చోటు స్పెల్లింగ్ తప్పలు కూడా ఉండు కధకు సంబంధం లేకుండు ఒక అమ్మాయి ఎలా గ వల్లి పడేయాలో కొన్ని టప్స్ మరియు ట్రిక్స్ ఈ పుస్తకం లో ఉండు కాబట్టి నేను ఈ పుస్తకం న్ని అంత పుట్టించుకోట్టేదు మరియు పుస్తకం శీర్షిక కూడా గడబిడగా ఉండు ఈ పుస్తకం చదువు చాలా అలయు పో నిజంగా చెప్పు చాలా విపరీతం అలయు పో మరియు ఈ పుస్తకం చదువు నేను పిచ్చెక్కింది నేను ఈ పుస్తకం చదువు నేను చాలా సార్ నవ్వుకో ఈ పుస్తకం కొనాలను కుంటున్న ప్రతి ఒక్కరు కి ఈ పుస్తకం కొనవద్దని నేను చెప్పు ఈ వ్యర్థమైన పుస్తకం పరిశీలన మీరు కున్న మంచి అవకాశం వృధా చెయ్యి , 0  
హాయ్ గైస్ నేను బిజేందర్ మరొక పుస్తకం సర్వేతో తిరుగు వచ్చు కాబట్టి ఈ రివ్వుతో నేను నేను అనుభవం పంచుకో మరియు అదనం మీరు ఈ పుస్తకం కొనుగోలు గురించి మరియు చదవలా లేదా అనే నేను అంచనా చెప్పు నేను కొన్ని రోజులపాటు బోర్ గా ఉండు నేను ఈ పుస్తకం కొను మరియు ఆసక్తికరమైన పుస్తకం చదివాలని అనుకో నేను ఈ పుస్తకం కొను మరియు పుస్తకం ఎంత అసహ్యం ఉండు నేను కనుగొను మరియు ఈ పుస్తకం లో అన్ని విషయం నిజంగా అర్ధం లేకుండు ఉన్నాయిమరియు అంత ఆసక్తికరం లేదు మరియు అంత నవ్వించేట్టుగా లేదు అయినప్పటికి ఈ పుస్తకం చదువు మరియు కొన్ని సాధారణం తప్పు ఉండు కొన్ని చోటు స్పెల్లింగ్ తప్పలు కూడా ఉండు మరియు నిజంగా ఈ పుస్తకంఆసక్తి కరంగా లేదు కధకు సంబంధం లేకుండు ఒక అమ్మాయి ఎలా గ వల్లి పడేయాలో కొన్ని టప్స్ మరియు ట్రిక్స్ ఈ పుస్తకం లో ఉండు కాబట్టి నేను ఈ పుస్తకం న్ని అంత పుట్టించుకోట్టేదు మరియు పుస్తకం శీర్షిక కూడా వికారంగా ఉండు ఈ పుస్తకం చదువు చాలా బోరింగ్ గా ఫీల్ అవ్వు నిజంగా చెప్పు నేను ముందే చాలా బోరింగ్ గా ఉండు మరియు ఈ పుస్తకం చదువు నేను పిచ్చెక్కింది నేను ఈ పుస్తకం చదువు నేను చాలా సార్ నవ్వుకో ఈ పుస్తకం కొనాలను కుంటున్న ప్రతి ఒక్కరు కి ఈ పుస్తకం కొనవద్దని నేను చెప్పు ఈ వ్యర్థమైన పుస్తకం చదువు మీరు కున్న మంచి సమయం వృధా చెయ్యి , 0  
అందరు అలవాటు మాట్లాడు ది ఆరు కె నారాయణ్ కథ గురించి కాబట్టి సాధారణం పుస్తకం అది మీరు చెందించవచ్చు పాత్ర ఉండు లోతైన అంశం అతను వేరే పుస్తకం ఉండు ఉండు పాతచరిత్ర పునరావృతం చెయ్యి నేను అనిపించిందిచుట్టుప్రక్కల అన్ని ంటిని వర్ణస్తూ చివర వరకు మీరు ఆకట్టుకో ఇది ఆకశ్మకంగా ఉండు మరియు ఒక సగం ముగియు పో అనిపించు మీరు హీరో అసహ్యించుకోవాలో లేక అతను ఇష్టపడాలో మీరు తెలియదుచివరగా నేను ఆరు కె నారాయణ యొక్క సిఫార్సు తీసుకో మరియు ఎలాంటి లాభం ఉన్నప్పుడు అది సమర్థించబడలేదు కనుక వ్యక్తి ని నిర్ధారించు మానుకో ముందుకు వెళ్ళడం అనే సిఫార్సు తీసుకో , 0  
ఏ ఆరు కె నారాయణ్ పుస్తకం గురించైనా ఇంత తక్కువ అంచనా వెయ్యి నేను ఒక గొప్ప అద్భుతం అనిపించిందిమాల్గుడికి చెందు వివిధం పాత్ర దీనిలో భాగం ఉండు - గఫూర్ టాక్సీ నటరాజ్ ముద్రణ పత్రం జయరాజ్ పిక్చర్ టేకర్ మరియు రామన్ బిల్ బోర్డు గురించి మిగిలిన వాటి గురించి నేను తెలియు ఏదేమైనా ఇది మాల్గుడి పుస్తకం నములు మింగినట్టు కనిపించు కాని అది స్పష్టంగా మెరుగైన ధృడత్వం మరియు దూరదృష్టి కలుగు ఉండు 117 పేజీ వీటిని మరింత తగ్గించోచ్చు లేక చిన్న కధగా చెయ్యి ఉండచ్చు అయినప్పటికి ఒక కాంతివంతం మరియు అందమైన అనుభూతి కలిగించు పఠనం ఈ ధిక్కారం కోసం నేను క్షమించు ! , 0  
ఆ పుస్తకం గురించి ఇంత చెత్త రివ్యు ఇవ్వు నేను చాలా బాధ కలిగించు నేను స్నేహిత నుండిఈ పుస్తకం వచ్చు మరియు నేను ఈ చదువు తర్వాత నిరాశ చెందు మాల్గుడికి చెందు వివిధం పాత్ర దీనిలో భాగం ఉండు - గఫూర్ టాక్సీ నటరాజ్ ముద్రణ పత్రం జయరాజ్ పిక్చర్ టేకర్ మరియు రామన్ సైన్బోర్డులకు సూచనఇంకా ఇతరులాగ నేను గుర్తించు లేకపోవచ్చు మిగిలిన వాటి గురించి నేను తెలియు ఏదేమైనా ఇది మాల్గుడి పుస్తకం నములు మింగినట్టు కనిపించు ఇది స్పష్టంగా మంచి తెలివి మరియు ఊహ కలుగు ఉండు 117 పేజీ వీటిని మరింత తగ్గించోచ్చు లేక చిన్న కధగా చెయ్యి ఉండచ్చు , 0  
నేను స్నేహిత ఈ పుస్తకం గురించి నేను తెలపాడు కాని ఈ పుస్తకం చదువు సరదాగా ఉండు నేను చెప్పాడుఅందువల్ల నేను అతను నుండి అరువు తీసుకో ఇది నేడు యువత సమస్య గురించి మరియు ప్రతిఒక్కరి గురించి చర్చిస్తున్నట్లు చెప్పబడిందినేను చదువు మొదలుపెట్టు నేను పుస్తకం యొక్క నాణ్యత కొద్దిగా చౌక ఉండు మరియు అంత ఆహ్లాదకరమైన పఠనంగా లేదుచదువుతుంటే ఒత్తిడి కలుగు నేను అనిపించు నేను సౌకర్యం లేకపోయిన నేను పఠనం కొనసాగించానుమేము కథ గురించి చెప్పు ఇది ఒక కల్పితం కధ మరియు ఆత్మహత్య నోట్ను అనుసరించు ఆలోచన ఆ తరువాత చాలా కష్టపడిన తర్వాత అతను కలువు వెళ్లు అది నేను చాలా ఆకర్షణీయమంగా అనిపించు మరియు ప్రారంభం నేను ప్రోత్సహించకరంగా లేదుకానీ పుస్తకం పూర్తి చెయ్యి అలవాటువల్ల నేను ఒకసారి ప్రారంభించు చివర చేరుకపంటాను అది నేను చదువు చేసిందిఆ కథ మూడు స్నేహిత జీవితం సంబందించు మరియు మిత్ర సోదరితో సంబంధం పెట్టుకో స్నేహిత ఎలా స్నేహం చెడిపోతుందో తెలుపు అతను భయపడు ఆ వ్యవహారం ఒక రహస్యం ఉంచు ఈ విషయం మొత్తం వెలుగు వచ్చినట్లయితే అతను ఇబ్బంది పడు మరియు అతను స్నేహం కోల్పోవచ్చు మరియు వారు ప్రారంభించు స్పోర్ట్స్ స్టోర్ మరియు ఒక శిక్షణ సంస్థ గందరగోళం పడు వారు " కై పో చే " పుస్తకం ఆధారం సినిమా కూడా నిర్మించు అది కూడా విజయవంతమైనది కాదు చదువు అనేక ఇతర మంచి పుస్తకం ఉండు అని నేను చెప్పు , 0  
ఒక ప్రశంస పొందు రచయిత ఆత్మహత్య లేఖ వ్రాయి ద్వారా సానుభూతి పొందు నిజంగా నేను ఆలోచన కాదుఈ పుస్తకం లో అన్ని ఉండు - పడవ మూడు స్నేహిత నుండి గురువు వరకు - విద్యార్థి పెద్దవాళ్ళ సంబంధం _ఆశ్చర్యకరంగా విద్యార్థి గురువు యొక్క ఉత్తమ స్నేహిత సోదరి గా చెప్పు జరిగిందిఈ గురువు తాను జీవితం ప్రతి కోల్పో అతను విద్యార్థి అతను స్నేహిత ఇది జరగు వేచు ఉండు మరియు అతను దుకాణం నాశనం అయిపో మరియు అతను స్నేహిత ఒకటి అల్లరి చంపు దీని నుంచి బయట పడు ఏ మంచి మార్గం అంటే పాత ఫ్యాషన్ లా నిద్ర మాత్ర మింగు ఒకవేశ అది కాన్డి రూపం ఉంటేపఠనం : ఇది చాలా అందమైన భావన కలుగు ఉండు అక్కడ సంకోచం లేవుఉన్నత స్థాయి పదజాలం ఎక్కువ ఉపయోగించు సులభం ఇంగ్లీష్ ఉపయోగించు వల్ల సులభం అర్థంమవుతుందికథ : మీరు ముందు ముందు ఈ పుస్తకం చదివేకొద్ది మరింత నిరాశ గురవుతారుకథానాయకుడు నిజంగా బలహీనమైన మరియు పేదవాడు ఆత్మహత్య ప్రయత్నించు ముందు అతను పేద ముసలి తల్లి గురించి ఆలోచించు ఆకట్టుకో ! ఫైనల్ తీర్పు : చదువు నేను మళ్లీ చెప్పు చదువు , 0  
ఈ పుస్తకం చేతన్ భగత్ వ్రాయి పుస్తకం ఇది గోవింద్ మరియు ఇషాన్ మరియు ఓమి గురించిన కథ వారు జీవితం వారు ఎదుర్కో అనేక కష్టం అది చూపిస్తుందిముగ్గురు మిత్ర వారు తాము జీవితం ఎలా వ్యవహరించారో అదనం వర్ణించు విద్య ఇషాన్ సోదరి ఎవరైతే గోవింద్తో ప్రేమ పడు ఆమె మరియు గోవింద్ గణితశాస్త్రం శిక్షకుడుఈ కథ గోవింద్ గురించి మరియు అతను తాను జీవితం ఏ తప్పు చెయ్యి వాటి గురించి అలీ స్టార్ క్రికెటర్ వారు చైల్డ్ ప్రాచుర్యం పొందు సహాయం చెయ్యి మరియు అతను విజయవంతం అవ్వు వారు అతనినికి కోచింగ్ ఇవ్వు మొత్తం మీద కథ ఒప్పించు విధం ఉండు మరియు రచయిత పాఠక సంతృప్తి పరచలేకపోయాడు మరియుప్రేక్షకులు ఈ పుస్తకం చదువు నేను సిఫార్సు చెయ్యి , 0  
నేను వరకు ఈ పుస్తకం డబ్బు దుర్వినియోగం చెయ్యి అని నేను భావించు పుస్తకం లోని కొన్ని విషయం చాలా అవాస్తవం ఉండు మరియు మంచితనం నిజాయితీ జీవనం స్ధానం లేదుసగటు హిందీ సినిమా కు రూం 200 చెల్లించు ఉండు మరియు ఇంకా ఏ పద్ధతుల్లోనైనా సాధారణం లేదు పూర్తి పేలవమైన జోకు pjsలు మరియు తెలివితక్కువ కథచాలా వరకు నేను చేతన్ భగత్ గురించి అద్భుతమైన విషయం విన్నానుఅయినా నేను అతను పుస్తకం ఏది ఒక భయపడు మరియు 3 మిస్టేక్స్ ఆఫ్ మై లైఫ్ పుస్తకం చాలా అతి భయంకరమైనదిమూడవ పుస్తకం రచించు రచయిత ఇలాంటి పుస్తకం రాయి నిజంగా అతను గురించి నిరాశ పెంచుతుందిఇది చదువు సమయంమరియు నగదు దుర్వినియోగం అని నేను చెప్పు , 0  
నేను చేతాన్ భగత్ పుస్తకం ఇష్టపడు ఏ సందర్భం 3 మిస్టేక్స్ ఆఫ్ మై లైఫ్ నేను విసుగు కలిగించిందిమూడు స్లిప్ - అప్స్ బదులు మూడు యువకుడు ఉండు వీరిలోఒకరు ఏజెంట్ గా మరియు ఇంకొకడు క్రికెట్ మెంటర్ గా మరియు మూడవ వాడు ప్రభుత్వం అధికారి గా మారిపోతారుపుస్తకంలో చెప్పు విషయం అన్నీ చాలా నిరుత్యాహంగా ఉండు క్రికెట్ మ్యాచ్ చిత్రీకరణ కొన్ని పేజీ వరకు ఇవ్వు ఈ పుస్తకం యొక్క కధ బాగుందిఎక్కడా సరిగ్గా లేదా చట్టబద్ధం వివరించబడలేదు పుస్తకం చూడు ఎవరూ ఉత్సాహం పడు ఒక రహస్యం నవల చెయ్యి వాస్తవంగా కనిపించు పాత్ర సమీకరించటం చాలా ముఖ్య , 0  
చేతన్ భగత్ మరియు అతను పుస్తకం గురించి చాలా బిల్డ్ అప్ ఉండు ఏదేమైనా చేతన్ భగత్ వ్యాసం రచయిత కాదు అతను తగు కంపోజింగ్ తెలియు పుస్తకం అద్భుతం ప్రారంభం అవ్వు పాత్ర చిత్రీకరణ అద్భుతం ఉండు అది సమయం కథ వినోదభరితమైనదిమరియు అన్ని విషయం గొప్ప ఉన్నప్పుడు చివర చాలా దయనీయ మరియు వెర్రి ఉండు అది చోటు వెళ్ళకుండా మరియు మొత్తం కుట్ర నాశనం చెయ్యి , 0  
ఇది Mr భగత్ యెుకక మరొక చైల్డిష్ పుస్తకం అతను బాలీవుడ్ కోసం మాత్రమే వ్రాయి కనిపించు అతను ఒక బాలీవుడ్ చిత్రం గురించి ఆలోచి మరియు ఒక నవల వ్రాయి నిజం జీవితం ఈ నవల వంటి మనం ఎక్కడైనా జరుగు కథ ఆసక్తికరం ఉండు ఎందుకంటే మనము ఎలాంటి ఆలోచన రేకెత్తించని విషయం చదువు ఇష్టపడతాము మీరు ప్రయాణించు ఈ పుస్తకం చదవవచ్చుమరియు మీరు ఇంత కన్నా అర్ధవంతగా చేసేదేమి లేదు భగత్ మరింత అర్ధవంతమైన మరియు వాస్తవం సంబందించు విషయం వ్రాయి , 0  
ఈ పుస్తకం కులం వ్యవస్థ గురించి ఇందులో చాలా తప్పు ఉండు నేను ఈ పుస్తకం చదువు కానీ నేను ఇది నచ్చు , 0  
మిడ్నైట్ సిన్ అనే పుస్తకం లో రచయిత మమల్ని చాలా కన్ఫ్యూజ్ చెయ్యి అసలు అర్థం కానివీ పేజీ కి పధి దొరుకు నేను చాలా నిరాశచెందాను , 0  
నేను నేను స్నేహిత తో కలువు ఈ పుస్తకం కొను కానీ మేము ఎవరు మూడు పేజీ ధాటి చదువు పోయాము , 0  
ఈ పుస్తకం నేను నిరాశ పరువు ఇంత గొప్ప రచయిత ఇలాంటి పుస్తకం ఎలా రాయి ఈ ఒక్క పుస్తకం తో ఇప్పటి వరకు పొందు మంచి పేరు పొగొట్టుకున్నాడు , 0  
ఈ పుస్తకం రేసిజం మీద రాయి ఇలాంటి వాటి మీద రాసేటపుడు చాలు జాగ్రత్త రాయి కానీ రచయిత తాను నచ్చు రాయి అందరు కోపం కారణం అవ్వు , 0  
కథ లేకుండు తాను నచ్చు ఇష్ట ఓచినట్లు రాయి వెళ్ళాడు రచయిత ఇంత చెత్త పుస్తకం నేను నేను జీవితం లో చూడు , 0  
ఎద చెప్పుదాం అనుకో ఏది చెప్పు , 0  
ఈ పుస్తకం కొను వాళ్ళకి నిరాశ తప్ప ఏమీ మిగులు , 0  
రచయిత సన్నివేశం ఎలా రాయి తెలియు హాస్యం చెయ్యి కూడా విఫల అవ్వు చిన్న పిల్లడు ఇంకా బాగా రాయి , 0  
రొటీన్ స్టోరీ గొప్ప ఎం లేదు అది కథ అదెయ్ కథనం ఉండు కథ అటు తిప్పు ఇటు తిప్పు మళ్ళి అది రాయి , 0  
నేను ఎవరైనా ఏ పుస్తకం చదువు ఉండు అంతే దీని పేరు చెప్పు అసలు కథ అను లేకుండు పెన్ను పేపర్ దొరుకు కదా అని రాయి ఎలా , 0  
ఎవరు కన్నా గోరమైన శిక్ష విధించు అంట్టేయ్ ఈ పుస్తకం చదివించు అంతే కాని దీని చదువు మిమ్మల్మి మీరు శిక్షించుకోకండి , 0  
అయిదు పేగులలో అయిపో కథ అరవై పేజీ సాగదియ్యి జనం చదువు అని ఎలా అనుకో , 0  
వేస్ట్ అఫ్ టైం వేస్ట్ అఫ్ మను వేస్ట్ అఫ్ ఎనర్జీ వేస్ట్ అఫ్ ఎవెర్య్థింగ్ , 0  
నిద్రపో తప్ప ఈ పుస్తకం దేనికి పని రాదు తాను నచ్చు తాను తోచు రాయి తప్ప ఎం రాయి అని పట్టించుకో నేను ఈ బుక్ అంతే అసహ్యం , 0  
ఫక్ ఇట్ ఫక్ ది బుక్ ఫక్ ది రైటర్ ఛీ ఇది ఒక బుక్ ఏని , 0  
రచయిత లో ఉండు కొద్ది లక్షణం కూడా ఈ పుస్తకం రాయి వడిలో లేదు రచన శైలి చాలా చెత్త ఉండు పుస్తకం కొనకపోవడం ఉత్తమ , 0 
